config,latency(ms),power(mWatt)
width_112-height_112-cin_16-cout_96-kernel_1-stride_1-pad_SAME-group_1-fb_1-wb_1-layer,0.80492275,0.02341003651192571
width_112-height_112-cin_16-cout_96-kernel_1-stride_1-pad_SAME-group_1-fb_1-wb_3-layer,0.80493075,0.02342639898966434
width_112-height_112-cin_16-cout_96-kernel_1-stride_1-pad_SAME-group_1-fb_1-wb_5-layer,0.8049267500000001,0.02344276648445002
width_112-height_112-cin_16-cout_96-kernel_1-stride_1-pad_SAME-group_1-fb_1-wb_6-layer,0.80493075,0.023450947560671943
width_112-height_112-cin_16-cout_96-kernel_1-stride_1-pad_SAME-group_1-fb_1-wb_7-layer,0.8049347500000001,0.02345912855558465
width_112-height_112-cin_16-cout_96-kernel_1-stride_1-pad_SAME-group_1-fb_3-wb_1-layer,0.809096,0.02345435419220978
width_112-height_112-cin_16-cout_96-kernel_1-stride_1-pad_SAME-group_1-fb_3-wb_3-layer,0.8091000000000002,0.023470633745654935
width_112-height_112-cin_16-cout_96-kernel_1-stride_1-pad_SAME-group_1-fb_3-wb_5-layer,0.8090980000000001,0.023486916122926218
width_112-height_112-cin_16-cout_96-kernel_1-stride_1-pad_SAME-group_1-fb_3-wb_6-layer,0.8091000000000002,0.02349505581915954
width_112-height_112-cin_16-cout_96-kernel_1-stride_1-pad_SAME-group_1-fb_3-wb_7-layer,0.809102,0.023503195475152217
width_112-height_112-cin_16-cout_96-kernel_1-stride_1-pad_SAME-group_1-fb_5-wb_1-layer,0.8132733750000001,0.02349821139771302
width_112-height_112-cin_16-cout_96-kernel_1-stride_1-pad_SAME-group_1-fb_5-wb_3-layer,0.8132753750000001,0.02351440817344353
width_112-height_112-cin_16-cout_96-kernel_1-stride_1-pad_SAME-group_1-fb_5-wb_5-layer,0.813274375,0.023530606515413107
width_112-height_112-cin_16-cout_96-kernel_1-stride_1-pad_SAME-group_1-fb_5-wb_6-layer,0.8132753750000001,0.023538704863445458
width_112-height_112-cin_16-cout_96-kernel_1-stride_1-pad_SAME-group_1-fb_5-wb_7-layer,0.813276375,0.023546803191562448
width_112-height_112-cin_16-cout_96-kernel_1-stride_1-pad_SAME-group_1-fb_6-wb_1-layer,0.815364,0.02351997221351772
width_112-height_112-cin_16-cout_96-kernel_1-stride_1-pad_SAME-group_1-fb_6-wb_3-layer,0.815366,0.023536127406810523
width_112-height_112-cin_16-cout_96-kernel_1-stride_1-pad_SAME-group_1-fb_6-wb_5-layer,0.8153650000000001,0.02355228424228982
width_112-height_112-cin_16-cout_96-kernel_1-stride_1-pad_SAME-group_1-fb_6-wb_6-layer,0.815366,0.023560361799307365
width_112-height_112-cin_16-cout_96-kernel_1-stride_1-pad_SAME-group_1-fb_6-wb_7-layer,0.8153670000000002,0.0235684393365116
width_112-height_112-cin_16-cout_96-kernel_1-stride_1-pad_SAME-group_1-fb_7-wb_1-layer,0.81745475,0.023541618123723393
width_112-height_112-cin_16-cout_96-kernel_1-stride_1-pad_SAME-group_1-fb_7-wb_3-layer,0.8174567500000001,0.02355773194508773
width_112-height_112-cin_16-cout_96-kernel_1-stride_1-pad_SAME-group_1-fb_7-wb_5-layer,0.8174557500000001,0.023573847483776042
width_112-height_112-cin_16-cout_96-kernel_1-stride_1-pad_SAME-group_1-fb_7-wb_6-layer,0.8174567500000001,0.023581904355031835
width_112-height_112-cin_16-cout_96-kernel_1-stride_1-pad_SAME-group_1-fb_7-wb_7-layer,0.81745775,0.023589961206575603
width_112-height_112-cin_32-cout_16-kernel_1-stride_1-pad_SAME-group_1-fb_1-wb_1-layer,0.27178949999999996,0.0233673549357867
width_112-height_112-cin_32-cout_16-kernel_1-stride_1-pad_SAME-group_1-fb_1-wb_3-layer,0.27179075,0.023383516850210742
width_112-height_112-cin_32-cout_16-kernel_1-stride_1-pad_SAME-group_1-fb_1-wb_5-layer,0.27179012499999994,0.023399670174044783
width_112-height_112-cin_32-cout_16-kernel_1-stride_1-pad_SAME-group_1-fb_1-wb_6-layer,0.27179075,0.023407751056945855
width_112-height_112-cin_32-cout_16-kernel_1-stride_1-pad_SAME-group_1-fb_1-wb_7-layer,0.2717915,0.0234158211334748
width_112-height_112-cin_32-cout_16-kernel_1-stride_1-pad_SAME-group_1-fb_3-wb_1-layer,0.28015074999999995,0.0234064357742715
width_112-height_112-cin_32-cout_16-kernel_1-stride_1-pad_SAME-group_1-fb_3-wb_3-layer,0.28015149999999994,0.02342210202485179
width_112-height_112-cin_32-cout_16-kernel_1-stride_1-pad_SAME-group_1-fb_3-wb_5-layer,0.280151125,0.023437779910490522
width_112-height_112-cin_32-cout_16-kernel_1-stride_1-pad_SAME-group_1-fb_3-wb_6-layer,0.28015149999999994,0.023445612993824617
width_112-height_112-cin_32-cout_16-kernel_1-stride_1-pad_SAME-group_1-fb_3-wb_7-layer,0.28015175,0.023453456520805577
width_112-height_112-cin_32-cout_16-kernel_1-stride_1-pad_SAME-group_1-fb_5-wb_1-layer,0.28851274999999993,0.023443243840239745
width_112-height_112-cin_32-cout_16-kernel_1-stride_1-pad_SAME-group_1-fb_5-wb_3-layer,0.288513125,0.023458459759462685
width_112-height_112-cin_32-cout_16-kernel_1-stride_1-pad_SAME-group_1-fb_5-wb_5-layer,0.28851374999999996,0.023637231586125795
width_112-height_112-cin_32-cout_16-kernel_1-stride_1-pad_SAME-group_1-fb_5-wb_6-layer,0.288514125,0.023644837367129724
width_112-height_112-cin_32-cout_16-kernel_1-stride_1-pad_SAME-group_1-fb_5-wb_7-layer,0.28851437499999993,0.02365245337587728
width_112-height_112-cin_32-cout_16-kernel_1-stride_1-pad_SAME-group_1-fb_6-wb_1-layer,0.29269412499999997,0.0234608554244564
width_112-height_112-cin_32-cout_16-kernel_1-stride_1-pad_SAME-group_1-fb_6-wb_3-layer,0.2926945,0.023475853949541138
width_112-height_112-cin_32-cout_16-kernel_1-stride_1-pad_SAME-group_1-fb_6-wb_5-layer,0.292695125,0.023652071846007823
width_112-height_112-cin_32-cout_16-kernel_1-stride_1-pad_SAME-group_1-fb_6-wb_6-layer,0.29269549999999994,0.023659568953705735
width_112-height_112-cin_32-cout_16-kernel_1-stride_1-pad_SAME-group_1-fb_6-wb_7-layer,0.29269575,0.023667076149559783
width_112-height_112-cin_32-cout_16-kernel_1-stride_1-pad_SAME-group_1-fb_7-wb_1-layer,0.2968755,0.023477970904158162
width_112-height_112-cin_32-cout_16-kernel_1-stride_1-pad_SAME-group_1-fb_7-wb_3-layer,0.29687574999999994,0.023492768051208663
width_112-height_112-cin_32-cout_16-kernel_1-stride_1-pad_SAME-group_1-fb_7-wb_5-layer,0.29687649999999993,0.0236664940688161
width_112-height_112-cin_32-cout_16-kernel_1-stride_1-pad_SAME-group_1-fb_7-wb_6-layer,0.29687674999999997,0.023673895532856704
width_112-height_112-cin_32-cout_16-kernel_1-stride_1-pad_SAME-group_1-fb_7-wb_7-layer,0.296877125,0.023681287013430728
width_112-height_112-cin_32-cout_32-kernel_3-stride_1-pad_SAME-group_32-fb_1-wb_1-layer,0.2741495,0.025297936489731977
width_112-height_112-cin_32-cout_32-kernel_3-stride_1-pad_SAME-group_32-fb_1-wb_3-layer,0.27416274999999996,0.02558613097725698
width_112-height_112-cin_32-cout_32-kernel_3-stride_1-pad_SAME-group_32-fb_1-wb_5-layer,0.27417212499999993,0.025874326515933306
width_112-height_112-cin_32-cout_32-kernel_3-stride_1-pad_SAME-group_32-fb_1-wb_6-layer,0.27417874999999997,0.02601840142339212
width_112-height_112-cin_32-cout_32-kernel_3-stride_1-pad_SAME-group_32-fb_1-wb_7-layer,0.2741855,0.026162457441077164
width_112-height_112-cin_32-cout_32-kernel_3-stride_1-pad_SAME-group_32-fb_3-wb_1-layer,0.28721349999999995,0.025969222374191747
width_112-height_112-cin_32-cout_32-kernel_3-stride_1-pad_SAME-group_32-fb_3-wb_3-layer,0.28722549999999997,0.026244284933067633
width_112-height_112-cin_32-cout_32-kernel_3-stride_1-pad_SAME-group_32-fb_3-wb_5-layer,0.28723550000000003,0.026519348426240062
width_112-height_112-cin_32-cout_32-kernel_3-stride_1-pad_SAME-group_32-fb_3-wb_6-layer,0.2872415,0.026656860553651643
width_112-height_112-cin_32-cout_32-kernel_3-stride_1-pad_SAME-group_32-fb_3-wb_7-layer,0.28724749999999993,0.026794366936381264
width_112-height_112-cin_32-cout_32-kernel_3-stride_1-pad_SAME-group_32-fb_5-wb_1-layer,0.30027875,0.026582089609299194
width_112-height_112-cin_32-cout_32-kernel_3-stride_1-pad_SAME-group_32-fb_5-wb_3-layer,0.300290125,0.026845164696411863
width_112-height_112-cin_32-cout_32-kernel_3-stride_1-pad_SAME-group_32-fb_5-wb_5-layer,0.451621125,0.021585238795927452
width_112-height_112-cin_32-cout_32-kernel_3-stride_1-pad_SAME-group_32-fb_5-wb_6-layer,0.45162712499999996,0.021672764084413328
width_112-height_112-cin_32-cout_32-kernel_3-stride_1-pad_SAME-group_32-fb_5-wb_7-layer,0.451633125,0.021760287047331385
width_112-height_112-cin_32-cout_32-kernel_3-stride_1-pad_SAME-group_32-fb_6-wb_1-layer,0.30681212499999994,0.026868933960245915
width_112-height_112-cin_32-cout_32-kernel_3-stride_1-pad_SAME-group_32-fb_6-wb_3-layer,0.30682349999999997,0.027126396598990837
width_112-height_112-cin_32-cout_32-kernel_3-stride_1-pad_SAME-group_32-fb_6-wb_5-layer,0.45162149999999995,0.022688538123322836
width_112-height_112-cin_32-cout_32-kernel_3-stride_1-pad_SAME-group_32-fb_6-wb_6-layer,0.4516275,0.022776048681487925
width_112-height_112-cin_32-cout_32-kernel_3-stride_1-pad_SAME-group_32-fb_6-wb_7-layer,0.45163349999999997,0.022863556914478524
width_112-height_112-cin_32-cout_32-kernel_3-stride_1-pad_SAME-group_32-fb_7-wb_1-layer,0.3133455,0.02714381667963022
width_112-height_112-cin_32-cout_32-kernel_3-stride_1-pad_SAME-group_32-fb_7-wb_3-layer,0.31335675,0.02739591226756667
width_112-height_112-cin_32-cout_32-kernel_3-stride_1-pad_SAME-group_32-fb_7-wb_5-layer,0.45162175,0.023791842203600866
width_112-height_112-cin_32-cout_32-kernel_3-stride_1-pad_SAME-group_32-fb_7-wb_6-layer,0.45162774999999994,0.02387933805562331
width_112-height_112-cin_32-cout_32-kernel_3-stride_1-pad_SAME-group_32-fb_7-wb_7-layer,0.45163375,0.023966831582863272
width_112-height_112-cin_96-cout_96-kernel_3-stride_2-pad_SAME-group_96-fb_1-wb_1-layer,0.21492912500000005,0.026251162269559952
width_112-height_112-cin_96-cout_96-kernel_3-stride_2-pad_SAME-group_96-fb_1-wb_3-layer,0.21503312499999994,0.027076661854145433
width_112-height_112-cin_96-cout_96-kernel_3-stride_2-pad_SAME-group_96-fb_1-wb_5-layer,0.338789,0.023490135528291642
width_112-height_112-cin_96-cout_96-kernel_3-stride_2-pad_SAME-group_96-fb_1-wb_6-layer,0.33880774999999996,0.023755099466505964
width_112-height_112-cin_96-cout_96-kernel_3-stride_2-pad_SAME-group_96-fb_1-wb_7-layer,0.338826375,0.02402004294102481
width_112-height_112-cin_96-cout_96-kernel_3-stride_2-pad_SAME-group_96-fb_3-wb_1-layer,0.243243125,0.02793287847263353
width_112-height_112-cin_96-cout_96-kernel_3-stride_2-pad_SAME-group_96-fb_3-wb_3-layer,0.33886174999999996,0.024413542280644386
width_112-height_112-cin_96-cout_96-kernel_3-stride_2-pad_SAME-group_96-fb_3-wb_5-layer,0.508128125,0.02499916448690716
width_112-height_112-cin_96-cout_96-kernel_3-stride_2-pad_SAME-group_96-fb_3-wb_6-layer,0.5081461249999999,0.02517572024040718
width_112-height_112-cin_96-cout_96-kernel_3-stride_2-pad_SAME-group_96-fb_3-wb_7-layer,0.508164125,0.02535226348612317
width_112-height_112-cin_96-cout_96-kernel_3-stride_2-pad_SAME-group_96-fb_5-wb_1-layer,0.33876787500000005,0.02626233861188346
width_112-height_112-cin_96-cout_96-kernel_3-stride_2-pad_SAME-group_96-fb_5-wb_3-layer,0.508200875,0.020457749088301135
width_112-height_112-cin_96-cout_96-kernel_3-stride_2-pad_SAME-group_96-fb_5-wb_5-layer,1.016162375,0.01779696251956898
width_112-height_112-cin_96-cout_96-kernel_3-stride_2-pad_SAME-group_96-fb_5-wb_6-layer,1.016180375,0.017885377690569408
width_112-height_112-cin_96-cout_96-kernel_3-stride_2-pad_SAME-group_96-fb_5-wb_7-layer,1.0161983749999999,0.01797378972936039
width_112-height_112-cin_96-cout_96-kernel_3-stride_2-pad_SAME-group_96-fb_6-wb_1-layer,0.33876937500000004,0.028335985555343557
width_112-height_112-cin_96-cout_96-kernel_3-stride_2-pad_SAME-group_96-fb_6-wb_3-layer,0.5082013750000001,0.022234053570772433
width_112-height_112-cin_96-cout_96-kernel_3-stride_2-pad_SAME-group_96-fb_6-wb_5-layer,1.016162625,0.02559436973515612
width_112-height_112-cin_96-cout_96-kernel_3-stride_2-pad_SAME-group_96-fb_6-wb_6-layer,1.016180625,0.025682646765918266
width_112-height_112-cin_96-cout_96-kernel_3-stride_2-pad_SAME-group_96-fb_6-wb_7-layer,1.016198625,0.025770920669365514
width_112-height_112-cin_96-cout_96-kernel_3-stride_2-pad_SAME-group_96-fb_7-wb_1-layer,0.33877099999999993,0.030409602914970083
width_112-height_112-cin_96-cout_96-kernel_3-stride_2-pad_SAME-group_96-fb_7-wb_3-layer,0.508202,0.024010348652258998
width_112-height_112-cin_96-cout_96-kernel_3-stride_2-pad_SAME-group_96-fb_7-wb_5-layer,1.016163125,0.027181249728835972
width_112-height_112-cin_96-cout_96-kernel_3-stride_2-pad_SAME-group_96-fb_7-wb_6-layer,1.016181125,0.027269498607157876
width_112-height_112-cin_96-cout_96-kernel_3-stride_2-pad_SAME-group_96-fb_7-wb_7-layer,1.016199125,0.02735774435916374
width_14-height_14-cin_192-cout_64-kernel_1-stride_1-pad_SAME-group_1-fb_1-wb_1-layer,0.008765374999999999,0.02372706513268491
width_14-height_14-cin_192-cout_64-kernel_1-stride_1-pad_SAME-group_1-fb_1-wb_3-layer,0.008786750000000003,0.024080612474016425
width_14-height_14-cin_192-cout_64-kernel_1-stride_1-pad_SAME-group_1-fb_1-wb_5-layer,0.008794749999999997,0.0244346033226459
width_14-height_14-cin_192-cout_64-kernel_1-stride_1-pad_SAME-group_1-fb_1-wb_6-layer,0.008802749999999998,0.024526907164987316
width_14-height_14-cin_192-cout_64-kernel_1-stride_1-pad_SAME-group_1-fb_1-wb_7-layer,0.00881075,0.02461904338692438
width_14-height_14-cin_192-cout_64-kernel_1-stride_1-pad_SAME-group_1-fb_3-wb_1-layer,0.009549374999999999,0.024319412637058238
width_14-height_14-cin_192-cout_64-kernel_1-stride_1-pad_SAME-group_1-fb_3-wb_3-layer,0.009562750000000002,0.024643979383329677
width_14-height_14-cin_192-cout_64-kernel_1-stride_1-pad_SAME-group_1-fb_3-wb_5-layer,0.009578749999999997,0.025275107885834796
width_14-height_14-cin_192-cout_64-kernel_1-stride_1-pad_SAME-group_1-fb_3-wb_6-layer,0.009586749999999998,0.025359161773926713
width_14-height_14-cin_192-cout_64-kernel_1-stride_1-pad_SAME-group_1-fb_3-wb_7-layer,0.009594749999999999,0.025443075495551633
width_14-height_14-cin_192-cout_64-kernel_1-stride_1-pad_SAME-group_1-fb_5-wb_1-layer,0.01033075,0.024822224923072563
width_14-height_14-cin_192-cout_64-kernel_1-stride_1-pad_SAME-group_1-fb_5-wb_3-layer,0.010346750000000002,0.025406231515938425
width_14-height_14-cin_192-cout_64-kernel_1-stride_1-pad_SAME-group_1-fb_5-wb_5-layer,0.010362749999999997,0.026415321089000503
width_14-height_14-cin_192-cout_64-kernel_1-stride_1-pad_SAME-group_1-fb_5-wb_6-layer,0.010370749999999998,0.02649214117491908
width_14-height_14-cin_192-cout_64-kernel_1-stride_1-pad_SAME-group_1-fb_5-wb_7-layer,0.010378749999999999,0.026568842834112386
width_14-height_14-cin_192-cout_64-kernel_1-stride_1-pad_SAME-group_1-fb_6-wb_1-layer,0.010722750000000003,0.024977193139524078
width_14-height_14-cin_192-cout_64-kernel_1-stride_1-pad_SAME-group_1-fb_6-wb_3-layer,0.010738749999999998,0.025539650662352323
width_14-height_14-cin_192-cout_64-kernel_1-stride_1-pad_SAME-group_1-fb_6-wb_5-layer,0.01075475,0.026511761428935132
width_14-height_14-cin_192-cout_64-kernel_1-stride_1-pad_SAME-group_1-fb_6-wb_6-layer,0.010762750000000001,0.026585711895434894
width_14-height_14-cin_192-cout_64-kernel_1-stride_1-pad_SAME-group_1-fb_6-wb_7-layer,0.010770750000000003,0.0266595525081674
width_14-height_14-cin_192-cout_64-kernel_1-stride_1-pad_SAME-group_1-fb_7-wb_1-layer,0.01111475,0.025121230378517923
width_14-height_14-cin_192-cout_64-kernel_1-stride_1-pad_SAME-group_1-fb_7-wb_3-layer,0.011130750000000002,0.025663672363779248
width_14-height_14-cin_192-cout_64-kernel_1-stride_1-pad_SAME-group_1-fb_7-wb_5-layer,0.011146749999999997,0.026601418695192763
width_14-height_14-cin_192-cout_64-kernel_1-stride_1-pad_SAME-group_1-fb_7-wb_6-layer,0.011154749999999998,0.026672706095196397
width_14-height_14-cin_192-cout_64-kernel_1-stride_1-pad_SAME-group_1-fb_7-wb_7-layer,0.011162749999999999,0.02674389131622081
width_14-height_14-cin_384-cout_384-kernel_3-stride_1-pad_SAME-group_384-fb_1-wb_1-layer,0.084880125,0.02494608865556464
width_14-height_14-cin_384-cout_384-kernel_3-stride_1-pad_SAME-group_384-fb_1-wb_3-layer,0.16954412500000002,0.026997672794098544
width_14-height_14-cin_384-cout_384-kernel_3-stride_1-pad_SAME-group_384-fb_1-wb_5-layer,0.25416525,0.026470824833589007
width_14-height_14-cin_384-cout_384-kernel_3-stride_1-pad_SAME-group_384-fb_1-wb_6-layer,0.25418925000000003,0.026896606740090596
width_14-height_14-cin_384-cout_384-kernel_3-stride_1-pad_SAME-group_384-fb_1-wb_7-layer,0.25421325000000006,0.027322308251366875
width_14-height_14-cin_384-cout_384-kernel_3-stride_1-pad_SAME-group_384-fb_3-wb_1-layer,0.12717475,0.028032055894096086
width_14-height_14-cin_384-cout_384-kernel_3-stride_1-pad_SAME-group_384-fb_3-wb_3-layer,0.25421875000000005,0.02497874474709472
width_14-height_14-cin_384-cout_384-kernel_3-stride_1-pad_SAME-group_384-fb_3-wb_5-layer,0.5081435000000001,0.023317635704493075
width_14-height_14-cin_384-cout_384-kernel_3-stride_1-pad_SAME-group_384-fb_3-wb_6-layer,0.5081555,0.02353131964896434
width_14-height_14-cin_384-cout_384-kernel_3-stride_1-pad_SAME-group_384-fb_3-wb_7-layer,0.50816275,0.027489328201971898
width_14-height_14-cin_384-cout_384-kernel_3-stride_1-pad_SAME-group_384-fb_5-wb_1-layer,0.25408137500000005,0.02952200126568212
width_14-height_14-cin_384-cout_384-kernel_3-stride_1-pad_SAME-group_384-fb_5-wb_3-layer,0.50810275,0.027304013045575774
width_14-height_14-cin_384-cout_384-kernel_3-stride_1-pad_SAME-group_384-fb_5-wb_5-layer,1.01612225,0.020065381784691357
width_14-height_14-cin_384-cout_384-kernel_3-stride_1-pad_SAME-group_384-fb_5-wb_6-layer,1.01612525,0.022351214209388143
width_14-height_14-cin_384-cout_384-kernel_3-stride_1-pad_SAME-group_384-fb_5-wb_7-layer,1.01612825,0.02463703313677832
width_14-height_14-cin_384-cout_384-kernel_3-stride_1-pad_SAME-group_384-fb_6-wb_1-layer,0.2541415,0.027051454918227583
width_14-height_14-cin_384-cout_384-kernel_3-stride_1-pad_SAME-group_384-fb_6-wb_3-layer,0.50815275,0.024616832499807128
width_14-height_14-cin_384-cout_384-kernel_3-stride_1-pad_SAME-group_384-fb_6-wb_5-layer,1.0161235,0.02116870136099228
width_14-height_14-cin_384-cout_384-kernel_3-stride_1-pad_SAME-group_384-fb_6-wb_6-layer,1.0161265,0.02345452771631753
width_14-height_14-cin_384-cout_384-kernel_3-stride_1-pad_SAME-group_384-fb_6-wb_7-layer,1.0161295000000001,0.025740340574388596
width_14-height_14-cin_384-cout_384-kernel_3-stride_1-pad_SAME-group_384-fb_7-wb_1-layer,0.25414275,0.02888463706134767
width_14-height_14-cin_384-cout_384-kernel_3-stride_1-pad_SAME-group_384-fb_7-wb_3-layer,0.508157375,0.026822881715104514
width_14-height_14-cin_384-cout_384-kernel_3-stride_1-pad_SAME-group_384-fb_7-wb_5-layer,1.016124625,0.022272020962588995
width_14-height_14-cin_384-cout_384-kernel_3-stride_1-pad_SAME-group_384-fb_7-wb_6-layer,1.016127625,0.024557841529750126
width_14-height_14-cin_384-cout_384-kernel_3-stride_1-pad_SAME-group_384-fb_7-wb_7-layer,1.016130625,0.02684364859970621
width_14-height_14-cin_384-cout_64-kernel_1-stride_1-pad_SAME-group_1-fb_1-wb_1-layer,0.009168125,0.0242048135636824
width_14-height_14-cin_384-cout_64-kernel_1-stride_1-pad_SAME-group_1-fb_1-wb_3-layer,0.009194750000000002,0.02472021856596335
width_14-height_14-cin_384-cout_64-kernel_1-stride_1-pad_SAME-group_1-fb_1-wb_5-layer,0.009226750000000006,0.025550921442804835
width_14-height_14-cin_384-cout_64-kernel_1-stride_1-pad_SAME-group_1-fb_1-wb_6-layer,0.009242750000000008,0.02572480845764553
width_14-height_14-cin_384-cout_64-kernel_1-stride_1-pad_SAME-group_1-fb_1-wb_7-layer,0.009258749999999996,0.025898094485908765
width_14-height_14-cin_384-cout_64-kernel_1-stride_1-pad_SAME-group_1-fb_3-wb_1-layer,0.010730749999999997,0.025052508185502788
width_14-height_14-cin_384-cout_64-kernel_1-stride_1-pad_SAME-group_1-fb_3-wb_3-layer,0.010762750000000001,0.02576366978463604
width_14-height_14-cin_384-cout_64-kernel_1-stride_1-pad_SAME-group_1-fb_3-wb_5-layer,0.010794750000000006,0.026880417666143224
width_14-height_14-cin_384-cout_64-kernel_1-stride_1-pad_SAME-group_1-fb_3-wb_6-layer,0.010810750000000008,0.027027116301006248
width_14-height_14-cin_384-cout_64-kernel_1-stride_1-pad_SAME-group_1-fb_3-wb_7-layer,0.010826749999999996,0.027173381347182474
width_14-height_14-cin_384-cout_64-kernel_1-stride_1-pad_SAME-group_1-fb_5-wb_1-layer,0.012298749999999997,0.025923277530381834
width_14-height_14-cin_384-cout_64-kernel_1-stride_1-pad_SAME-group_1-fb_5-wb_3-layer,0.012330750000000001,0.026900501685119853
width_14-height_14-cin_384-cout_64-kernel_1-stride_1-pad_SAME-group_1-fb_5-wb_5-layer,0.01891675000000001,0.023494081822384903
width_14-height_14-cin_384-cout_64-kernel_1-stride_1-pad_SAME-group_1-fb_5-wb_6-layer,0.018932749999999998,0.023580709683648896
width_14-height_14-cin_384-cout_64-kernel_1-stride_1-pad_SAME-group_1-fb_5-wb_7-layer,0.018948750000000014,0.02366719125074781
width_14-height_14-cin_384-cout_64-kernel_1-stride_1-pad_SAME-group_1-fb_6-wb_1-layer,0.013082750000000004,0.026111322524116402
width_14-height_14-cin_384-cout_64-kernel_1-stride_1-pad_SAME-group_1-fb_6-wb_3-layer,0.013114750000000008,0.027029669370700275
width_14-height_14-cin_384-cout_64-kernel_1-stride_1-pad_SAME-group_1-fb_6-wb_5-layer,0.018912750000000006,0.019892096164460474
width_14-height_14-cin_384-cout_64-kernel_1-stride_1-pad_SAME-group_1-fb_6-wb_6-layer,0.018928749999999994,0.019981787000404348
width_14-height_14-cin_384-cout_64-kernel_1-stride_1-pad_SAME-group_1-fb_6-wb_7-layer,0.01894475000000001,0.020071326337555644
width_14-height_14-cin_384-cout_64-kernel_1-stride_1-pad_SAME-group_1-fb_7-wb_1-layer,0.013866750000000011,0.026278104096344394
width_14-height_14-cin_384-cout_64-kernel_1-stride_1-pad_SAME-group_1-fb_7-wb_3-layer,0.013898750000000015,0.02714426488748925
width_14-height_14-cin_384-cout_64-kernel_1-stride_1-pad_SAME-group_1-fb_7-wb_5-layer,0.018913750000000007,0.021095670449276283
width_14-height_14-cin_384-cout_64-kernel_1-stride_1-pad_SAME-group_1-fb_7-wb_6-layer,0.018929749999999995,0.021184339249567682
width_14-height_14-cin_384-cout_64-kernel_1-stride_1-pad_SAME-group_1-fb_7-wb_7-layer,0.01894575000000001,0.02127285828531505
width_14-height_14-cin_384-cout_96-kernel_1-stride_1-pad_SAME-group_1-fb_1-wb_1-layer,0.01336000000000001,0.024234205984268224
width_14-height_14-cin_384-cout_96-kernel_1-stride_1-pad_SAME-group_1-fb_1-wb_3-layer,0.013399999999999995,0.024764492679746876
width_14-height_14-cin_384-cout_96-kernel_1-stride_1-pad_SAME-group_1-fb_1-wb_5-layer,0.013448000000000015,0.02561925967081495
width_14-height_14-cin_384-cout_96-kernel_1-stride_1-pad_SAME-group_1-fb_1-wb_6-layer,0.013472000000000012,0.025798086214175734
width_14-height_14-cin_384-cout_96-kernel_1-stride_1-pad_SAME-group_1-fb_1-wb_7-layer,0.013496000000000008,0.025976276741377553
width_14-height_14-cin_384-cout_96-kernel_1-stride_1-pad_SAME-group_1-fb_3-wb_1-layer,0.014919999999999989,0.0251975787919528
width_14-height_14-cin_384-cout_96-kernel_1-stride_1-pad_SAME-group_1-fb_3-wb_3-layer,0.014968000000000009,0.02596415537950612
width_14-height_14-cin_384-cout_96-kernel_1-stride_1-pad_SAME-group_1-fb_3-wb_5-layer,0.015016000000000002,0.027167731430538078
width_14-height_14-cin_384-cout_96-kernel_1-stride_1-pad_SAME-group_1-fb_3-wb_6-layer,0.015039999999999998,0.027325443389974453
width_14-height_14-cin_384-cout_96-kernel_1-stride_1-pad_SAME-group_1-fb_3-wb_7-layer,0.015063999999999994,0.027482652815286227
width_14-height_14-cin_384-cout_96-kernel_1-stride_1-pad_SAME-group_1-fb_5-wb_1-layer,0.016488000000000003,0.026245460418957773
width_14-height_14-cin_384-cout_96-kernel_1-stride_1-pad_SAME-group_1-fb_5-wb_3-layer,0.016535999999999995,0.02733758640712917
width_14-height_14-cin_384-cout_96-kernel_1-stride_1-pad_SAME-group_1-fb_5-wb_5-layer,0.028364749999999994,0.02350267527372531
width_14-height_14-cin_384-cout_96-kernel_1-stride_1-pad_SAME-group_1-fb_5-wb_6-layer,0.02838874999999999,0.023589327529202796
width_14-height_14-cin_384-cout_96-kernel_1-stride_1-pad_SAME-group_1-fb_5-wb_7-layer,0.028412750000000014,0.0236758333958843
width_14-height_14-cin_384-cout_96-kernel_1-stride_1-pad_SAME-group_1-fb_6-wb_1-layer,0.01727200000000001,0.02650596350426677
width_14-height_14-cin_384-cout_96-kernel_1-stride_1-pad_SAME-group_1-fb_6-wb_3-layer,0.017320000000000002,0.027547931817910383
width_14-height_14-cin_384-cout_96-kernel_1-stride_1-pad_SAME-group_1-fb_6-wb_5-layer,0.028366000000000002,0.01796941786359443
width_14-height_14-cin_384-cout_96-kernel_1-stride_1-pad_SAME-group_1-fb_6-wb_6-layer,0.02839,0.018060743943042464
width_14-height_14-cin_384-cout_96-kernel_1-stride_1-pad_SAME-group_1-fb_6-wb_7-layer,0.028413999999999995,0.0181519157446059
width_14-height_14-cin_384-cout_96-kernel_1-stride_1-pad_SAME-group_1-fb_7-wb_1-layer,0.01805599999999999,0.026743844256957014
width_14-height_14-cin_384-cout_96-kernel_1-stride_1-pad_SAME-group_1-fb_7-wb_3-layer,0.01810400000000001,0.027740059066732645
width_14-height_14-cin_384-cout_96-kernel_1-stride_1-pad_SAME-group_1-fb_7-wb_5-layer,0.028367000000000003,0.018852764034851754
width_14-height_14-cin_384-cout_96-kernel_1-stride_1-pad_SAME-group_1-fb_7-wb_6-layer,0.028391,0.018943340171212554
width_14-height_14-cin_384-cout_96-kernel_1-stride_1-pad_SAME-group_1-fb_7-wb_7-layer,0.028414999999999996,0.01903376330195853
width_14-height_14-cin_576-cout_576-kernel_3-stride_1-pad_SAME-group_576-fb_1-wb_1-layer,0.19066950000000005,0.02556174017330117
width_14-height_14-cin_576-cout_576-kernel_3-stride_1-pad_SAME-group_576-fb_1-wb_3-layer,0.381224125,0.027015388453056118
width_14-height_14-cin_576-cout_576-kernel_3-stride_1-pad_SAME-group_576-fb_1-wb_5-layer,0.624288125,0.02739477278304212
width_14-height_14-cin_576-cout_576-kernel_3-stride_1-pad_SAME-group_576-fb_1-wb_6-layer,0.6352132500000001,0.026907610533976486
width_14-height_14-cin_576-cout_576-kernel_3-stride_1-pad_SAME-group_576-fb_1-wb_7-layer,0.63523725,0.02733503418636813
width_14-height_14-cin_576-cout_576-kernel_3-stride_1-pad_SAME-group_576-fb_3-wb_1-layer,0.331248125,0.030661969836580236
width_14-height_14-cin_576-cout_576-kernel_3-stride_1-pad_SAME-group_576-fb_3-wb_3-layer,0.6150482500000001,0.028672716117999365
width_14-height_14-cin_576-cout_576-kernel_3-stride_1-pad_SAME-group_576-fb_3-wb_5-layer,1.1431835000000001,0.023320478551224433
width_14-height_14-cin_576-cout_576-kernel_3-stride_1-pad_SAME-group_576-fb_3-wb_6-layer,1.1431955,0.023534497274725466
width_14-height_14-cin_576-cout_576-kernel_3-stride_1-pad_SAME-group_576-fb_3-wb_7-layer,1.14320275,0.026732140592823063
width_14-height_14-cin_576-cout_576-kernel_3-stride_1-pad_SAME-group_576-fb_5-wb_1-layer,0.571658125,0.02763072498702206
width_14-height_14-cin_576-cout_576-kernel_3-stride_1-pad_SAME-group_576-fb_5-wb_3-layer,1.14314275,0.027306125379012454
width_14-height_14-cin_576-cout_576-kernel_3-stride_1-pad_SAME-group_576-fb_5-wb_5-layer,2.28620225,0.01968542820293293
width_14-height_14-cin_576-cout_576-kernel_3-stride_1-pad_SAME-group_576-fb_5-wb_6-layer,2.28620525,0.02197137058892363
width_14-height_14-cin_576-cout_576-kernel_3-stride_1-pad_SAME-group_576-fb_5-wb_7-layer,2.28620825,0.02425730697561208
width_14-height_14-cin_576-cout_576-kernel_3-stride_1-pad_SAME-group_576-fb_6-wb_1-layer,0.57166275,0.030323935939533017
width_14-height_14-cin_576-cout_576-kernel_3-stride_1-pad_SAME-group_576-fb_6-wb_3-layer,1.1431927499999999,0.023858958430917662
width_14-height_14-cin_576-cout_576-kernel_3-stride_1-pad_SAME-group_576-fb_6-wb_5-layer,2.2862035,0.020788797593913298
width_14-height_14-cin_576-cout_576-kernel_3-stride_1-pad_SAME-group_576-fb_6-wb_6-layer,2.2862065,0.023074737282187868
width_14-height_14-cin_576-cout_576-kernel_3-stride_1-pad_SAME-group_576-fb_6-wb_7-layer,2.2862095,0.02536067097117054
width_14-height_14-cin_576-cout_576-kernel_3-stride_1-pad_SAME-group_576-fb_7-wb_1-layer,0.57168275,0.03191723965266439
width_14-height_14-cin_576-cout_576-kernel_3-stride_1-pad_SAME-group_576-fb_7-wb_3-layer,1.1431973750000002,0.026065437624901724
width_14-height_14-cin_576-cout_576-kernel_3-stride_1-pad_SAME-group_576-fb_7-wb_5-layer,2.2862046250000003,0.02189216697531333
width_14-height_14-cin_576-cout_576-kernel_3-stride_1-pad_SAME-group_576-fb_7-wb_6-layer,2.2862076250000003,0.024178104090859937
width_14-height_14-cin_576-cout_576-kernel_3-stride_1-pad_SAME-group_576-fb_7-wb_7-layer,2.2862106250000003,0.026464035207124346
width_14-height_14-cin_576-cout_576-kernel_3-stride_2-pad_SAME-group_576-fb_1-wb_1-layer,0.047889875000000026,0.027690048728379078
width_14-height_14-cin_576-cout_576-kernel_3-stride_2-pad_SAME-group_576-fb_1-wb_3-layer,0.09662425000000002,0.029043455879233283
width_14-height_14-cin_576-cout_576-kernel_3-stride_2-pad_SAME-group_576-fb_1-wb_5-layer,0.15893850000000004,0.027633085410137863
width_14-height_14-cin_576-cout_576-kernel_3-stride_2-pad_SAME-group_576-fb_1-wb_6-layer,0.15898825,0.024502908149942406
width_14-height_14-cin_576-cout_576-kernel_3-stride_2-pad_SAME-group_576-fb_1-wb_7-layer,0.15901225000000002,0.02516228492688933
width_14-height_14-cin_576-cout_576-kernel_3-stride_2-pad_SAME-group_576-fb_3-wb_1-layer,0.10197625000000005,0.029830051408137853
width_14-height_14-cin_576-cout_576-kernel_3-stride_2-pad_SAME-group_576-fb_3-wb_3-layer,0.179940125,0.028369142733525615
width_14-height_14-cin_576-cout_576-kernel_3-stride_2-pad_SAME-group_576-fb_3-wb_5-layer,0.2858775,0.024312457806518663
width_14-height_14-cin_576-cout_576-kernel_3-stride_2-pad_SAME-group_576-fb_3-wb_6-layer,0.28588350000000007,0.026998478588333038
width_14-height_14-cin_576-cout_576-kernel_3-stride_2-pad_SAME-group_576-fb_3-wb_7-layer,0.285945625,0.02532332328735935
width_14-height_14-cin_576-cout_576-kernel_3-stride_2-pad_SAME-group_576-fb_5-wb_1-layer,0.143104375,0.030252310471679922
width_14-height_14-cin_576-cout_576-kernel_3-stride_2-pad_SAME-group_576-fb_5-wb_3-layer,0.285874875,0.023860114366275022
width_14-height_14-cin_576-cout_576-kernel_3-stride_2-pad_SAME-group_576-fb_5-wb_5-layer,0.571601625,0.02505681414630632
width_14-height_14-cin_576-cout_576-kernel_3-stride_2-pad_SAME-group_576-fb_5-wb_6-layer,0.5716306250000001,0.02063943095092813
width_14-height_14-cin_576-cout_576-kernel_3-stride_2-pad_SAME-group_576-fb_5-wb_7-layer,0.57163425,0.018295374316226125
width_14-height_14-cin_576-cout_576-kernel_3-stride_2-pad_SAME-group_576-fb_6-wb_1-layer,0.16656025000000002,0.03021479708970869
width_14-height_14-cin_576-cout_576-kernel_3-stride_2-pad_SAME-group_576-fb_6-wb_3-layer,0.28587962499999997,0.02632000579457181
width_14-height_14-cin_576-cout_576-kernel_3-stride_2-pad_SAME-group_576-fb_6-wb_5-layer,0.57162125,0.022651598382038878
width_14-height_14-cin_576-cout_576-kernel_3-stride_2-pad_SAME-group_576-fb_6-wb_6-layer,0.57163325,0.022817126769419296
width_14-height_14-cin_576-cout_576-kernel_3-stride_2-pad_SAME-group_576-fb_6-wb_7-layer,0.5716365,0.019525710395208534
width_14-height_14-cin_576-cout_576-kernel_3-stride_2-pad_SAME-group_576-fb_7-wb_1-layer,0.19086025,0.030053037924694066
width_14-height_14-cin_576-cout_576-kernel_3-stride_2-pad_SAME-group_576-fb_7-wb_3-layer,0.28588425000000006,0.028779828063824623
width_14-height_14-cin_576-cout_576-kernel_3-stride_2-pad_SAME-group_576-fb_7-wb_5-layer,0.571623875,0.024829320675909136
width_14-height_14-cin_576-cout_576-kernel_3-stride_2-pad_SAME-group_576-fb_7-wb_6-layer,0.571635875,0.019412567533504423
width_14-height_14-cin_576-cout_576-kernel_3-stride_2-pad_SAME-group_576-fb_7-wb_7-layer,0.571638875,0.020756032250144052
width_14-height_14-cin_576-cout_96-kernel_1-stride_1-pad_SAME-group_1-fb_1-wb_1-layer,0.013768000000000002,0.02470388726639858
width_14-height_14-cin_576-cout_96-kernel_1-stride_1-pad_SAME-group_1-fb_1-wb_3-layer,0.013840000000000019,0.025550496894547903
width_14-height_14-cin_576-cout_96-kernel_1-stride_1-pad_SAME-group_1-fb_1-wb_5-layer,0.01624012500000005,0.026186920953142796
width_14-height_14-cin_576-cout_96-kernel_1-stride_1-pad_SAME-group_1-fb_1-wb_6-layer,0.016288125000000042,0.02642404903314424
width_14-height_14-cin_576-cout_96-kernel_1-stride_1-pad_SAME-group_1-fb_1-wb_7-layer,0.016324125000000023,0.026643647594855303
width_14-height_14-cin_576-cout_96-kernel_1-stride_1-pad_SAME-group_1-fb_3-wb_1-layer,0.016112000000000015,0.02604206257446666
width_14-height_14-cin_576-cout_96-kernel_1-stride_1-pad_SAME-group_1-fb_3-wb_3-layer,0.016180000000000028,0.027034415855359102
width_14-height_14-cin_576-cout_96-kernel_1-stride_1-pad_SAME-group_1-fb_3-wb_5-layer,0.023308125000000013,0.02703770385430485
width_14-height_14-cin_576-cout_96-kernel_1-stride_1-pad_SAME-group_1-fb_3-wb_6-layer,0.02334412500000005,0.02719031881835376
width_14-height_14-cin_576-cout_96-kernel_1-stride_1-pad_SAME-group_1-fb_3-wb_7-layer,0.02338012500000003,0.027342463798713072
width_14-height_14-cin_576-cout_96-kernel_1-stride_1-pad_SAME-group_1-fb_5-wb_1-layer,0.018460000000000032,0.027279109373819218
width_14-height_14-cin_576-cout_96-kernel_1-stride_1-pad_SAME-group_1-fb_5-wb_3-layer,0.021299500000000027,0.02500298716878192
width_14-height_14-cin_576-cout_96-kernel_1-stride_1-pad_SAME-group_1-fb_5-wb_5-layer,0.042421750000000036,0.020141575834675348
width_14-height_14-cin_576-cout_96-kernel_1-stride_1-pad_SAME-group_1-fb_5-wb_6-layer,0.04243375000000005,0.02024277644094672
width_14-height_14-cin_576-cout_96-kernel_1-stride_1-pad_SAME-group_1-fb_5-wb_7-layer,0.042445750000000004,0.02034391982559875
width_14-height_14-cin_576-cout_96-kernel_1-stride_1-pad_SAME-group_1-fb_6-wb_1-layer,0.019636000000000042,0.027560915381319093
width_14-height_14-cin_576-cout_96-kernel_1-stride_1-pad_SAME-group_1-fb_6-wb_3-layer,0.021301000000000014,0.026767048522996616
width_14-height_14-cin_576-cout_96-kernel_1-stride_1-pad_SAME-group_1-fb_6-wb_5-layer,0.04242475000000001,0.022313756133728532
width_14-height_14-cin_576-cout_96-kernel_1-stride_1-pad_SAME-group_1-fb_6-wb_6-layer,0.04243675000000002,0.02241433535015718
width_14-height_14-cin_576-cout_96-kernel_1-stride_1-pad_SAME-group_1-fb_6-wb_7-layer,0.042448750000000035,0.02251485770033668
width_14-height_14-cin_576-cout_96-kernel_1-stride_1-pad_SAME-group_1-fb_7-wb_1-layer,0.020811999999999997,0.027810874006076496
width_14-height_14-cin_576-cout_96-kernel_1-stride_1-pad_SAME-group_1-fb_7-wb_3-layer,0.021302500000000002,0.028530861447024127
width_14-height_14-cin_576-cout_96-kernel_1-stride_1-pad_SAME-group_1-fb_7-wb_5-layer,0.04242775000000004,0.024485629249822557
width_14-height_14-cin_576-cout_96-kernel_1-stride_1-pad_SAME-group_1-fb_7-wb_6-layer,0.04243975,0.02458558725111584
width_14-height_14-cin_576-cout_96-kernel_1-stride_1-pad_SAME-group_1-fb_7-wb_7-layer,0.04245175000000001,0.024685488741381156
width_14-height_14-cin_64-cout_384-kernel_1-stride_1-pad_SAME-group_1-fb_1-wb_1-layer,0.050370750000000006,0.023502360593406924
width_14-height_14-cin_64-cout_384-kernel_1-stride_1-pad_SAME-group_1-fb_1-wb_3-layer,0.050402749999999996,0.023567435264134597
width_14-height_14-cin_64-cout_384-kernel_1-stride_1-pad_SAME-group_1-fb_1-wb_5-layer,0.050386749999999994,0.02363294941086695
width_14-height_14-cin_64-cout_384-kernel_1-stride_1-pad_SAME-group_1-fb_1-wb_6-layer,0.050402749999999996,0.023665445291725234
width_14-height_14-cin_64-cout_384-kernel_1-stride_1-pad_SAME-group_1-fb_1-wb_7-layer,0.05041875,0.02369792054795107
width_14-height_14-cin_64-cout_384-kernel_1-stride_1-pad_SAME-group_1-fb_3-wb_1-layer,0.050600000000000006,0.023682351984645057
width_14-height_14-cin_64-cout_384-kernel_1-stride_1-pad_SAME-group_1-fb_3-wb_3-layer,0.050615999999999994,0.023747227708206736
width_14-height_14-cin_64-cout_384-kernel_1-stride_1-pad_SAME-group_1-fb_3-wb_5-layer,0.050648,0.023986517321623758
width_14-height_14-cin_64-cout_384-kernel_1-stride_1-pad_SAME-group_1-fb_3-wb_6-layer,0.050664,0.02401873397787589
width_14-height_14-cin_64-cout_384-kernel_1-stride_1-pad_SAME-group_1-fb_3-wb_7-layer,0.05068,0.024050930292119337
width_14-height_14-cin_64-cout_384-kernel_1-stride_1-pad_SAME-group_1-fb_5-wb_1-layer,0.050845375,0.023860416834946815
width_14-height_14-cin_64-cout_384-kernel_1-stride_1-pad_SAME-group_1-fb_5-wb_3-layer,0.050877375,0.024098556445889593
width_14-height_14-cin_64-cout_384-kernel_1-stride_1-pad_SAME-group_1-fb_5-wb_5-layer,0.05090937499999999,0.024510184589993492
width_14-height_14-cin_64-cout_384-kernel_1-stride_1-pad_SAME-group_1-fb_5-wb_6-layer,0.050925374999999995,0.0245420713654186
width_14-height_14-cin_64-cout_384-kernel_1-stride_1-pad_SAME-group_1-fb_5-wb_7-layer,0.050941375,0.024573938110430037
width_14-height_14-cin_64-cout_384-kernel_1-stride_1-pad_SAME-group_1-fb_6-wb_1-layer,0.050975999999999994,0.023948700026561204
width_14-height_14-cin_64-cout_384-kernel_1-stride_1-pad_SAME-group_1-fb_6-wb_3-layer,0.051008,0.024186174407563363
width_14-height_14-cin_64-cout_384-kernel_1-stride_1-pad_SAME-group_1-fb_6-wb_5-layer,0.05104,0.0245966941523511
width_14-height_14-cin_64-cout_384-kernel_1-stride_1-pad_SAME-group_1-fb_6-wb_6-layer,0.051056000000000004,0.024628472236083988
width_14-height_14-cin_64-cout_384-kernel_1-stride_1-pad_SAME-group_1-fb_6-wb_7-layer,0.051072000000000006,0.02466023040873684
width_14-height_14-cin_64-cout_384-kernel_1-stride_1-pad_SAME-group_1-fb_7-wb_1-layer,0.051106750000000006,0.02403647313669494
width_14-height_14-cin_64-cout_384-kernel_1-stride_1-pad_SAME-group_1-fb_7-wb_3-layer,0.05113875,0.024273285426526698
width_14-height_14-cin_64-cout_384-kernel_1-stride_1-pad_SAME-group_1-fb_7-wb_5-layer,0.05117075,0.024682701747791462
width_14-height_14-cin_64-cout_384-kernel_1-stride_1-pad_SAME-group_1-fb_7-wb_6-layer,0.05118675,0.024714371774146707
width_14-height_14-cin_64-cout_384-kernel_1-stride_1-pad_SAME-group_1-fb_7-wb_7-layer,0.051202750000000005,0.02474602200779856
width_14-height_14-cin_96-cout_576-kernel_1-stride_1-pad_SAME-group_1-fb_1-wb_1-layer,0.075556,0.023564244680350257
width_14-height_14-cin_96-cout_576-kernel_1-stride_1-pad_SAME-group_1-fb_1-wb_3-layer,0.07560399999999999,0.023661950232476168
width_14-height_14-cin_96-cout_576-kernel_1-stride_1-pad_SAME-group_1-fb_1-wb_5-layer,0.07642012499999999,0.023926368625562966
width_14-height_14-cin_96-cout_576-kernel_1-stride_1-pad_SAME-group_1-fb_1-wb_6-layer,0.07661212499999999,0.02397261882595842
width_14-height_14-cin_96-cout_576-kernel_1-stride_1-pad_SAME-group_1-fb_1-wb_7-layer,0.076804125,0.02401863778777194
width_14-height_14-cin_96-cout_576-kernel_1-stride_1-pad_SAME-group_1-fb_3-wb_1-layer,0.0759,0.023834504044921427
width_14-height_14-cin_96-cout_576-kernel_1-stride_1-pad_SAME-group_1-fb_3-wb_3-layer,0.075996,0.02410569074476931
width_14-height_14-cin_96-cout_576-kernel_1-stride_1-pad_SAME-group_1-fb_3-wb_5-layer,0.07711212499999999,0.024359066673234078
width_14-height_14-cin_96-cout_576-kernel_1-stride_1-pad_SAME-group_1-fb_3-wb_6-layer,0.07736412499999999,0.024402804891967694
width_14-height_14-cin_96-cout_576-kernel_1-stride_1-pad_SAME-group_1-fb_3-wb_7-layer,0.077616125,0.024446259096751355
width_14-height_14-cin_96-cout_576-kernel_1-stride_1-pad_SAME-group_1-fb_5-wb_1-layer,0.076292,0.024275636311446757
width_14-height_14-cin_96-cout_576-kernel_1-stride_1-pad_SAME-group_1-fb_5-wb_3-layer,0.07635199999999999,0.024545565582500425
width_14-height_14-cin_96-cout_576-kernel_1-stride_1-pad_SAME-group_1-fb_5-wb_5-layer,0.07876412499999999,0.025100336568320666
width_14-height_14-cin_96-cout_576-kernel_1-stride_1-pad_SAME-group_1-fb_5-wb_6-layer,0.079268125,0.02513425886466662
width_14-height_14-cin_96-cout_576-kernel_1-stride_1-pad_SAME-group_1-fb_5-wb_7-layer,0.079772125,0.02516775251911898
width_14-height_14-cin_96-cout_576-kernel_1-stride_1-pad_SAME-group_1-fb_6-wb_1-layer,0.076488,0.024407753692194542
width_14-height_14-cin_96-cout_576-kernel_1-stride_1-pad_SAME-group_1-fb_6-wb_3-layer,0.07654799999999999,0.024676888256920524
width_14-height_14-cin_96-cout_576-kernel_1-stride_1-pad_SAME-group_1-fb_6-wb_5-layer,0.07896012499999999,0.02522627042377352
width_14-height_14-cin_96-cout_576-kernel_1-stride_1-pad_SAME-group_1-fb_6-wb_6-layer,0.079464125,0.02525931031647844
width_14-height_14-cin_96-cout_576-kernel_1-stride_1-pad_SAME-group_1-fb_6-wb_7-layer,0.079968125,0.02529193374059857
width_14-height_14-cin_96-cout_576-kernel_1-stride_1-pad_SAME-group_1-fb_7-wb_1-layer,0.07668399999999999,0.0245391957037225
width_14-height_14-cin_96-cout_576-kernel_1-stride_1-pad_SAME-group_1-fb_7-wb_3-layer,0.07674399999999999,0.024807540149411444
width_14-height_14-cin_96-cout_576-kernel_1-stride_1-pad_SAME-group_1-fb_7-wb_5-layer,0.08167612499999999,0.025281630479224625
width_14-height_14-cin_96-cout_576-kernel_1-stride_1-pad_SAME-group_1-fb_7-wb_6-layer,0.082684125,0.025299653143227865
width_14-height_14-cin_96-cout_576-kernel_1-stride_1-pad_SAME-group_1-fb_7-wb_7-layer,0.08369212499999999,0.025317241672112308
width_28-height_28-cin_144-cout_32-kernel_1-stride_1-pad_SAME-group_1-fb_1-wb_1-layer,0.01790675,0.02362943844746637
width_28-height_28-cin_144-cout_32-kernel_1-stride_1-pad_SAME-group_1-fb_1-wb_3-layer,0.017917500000000003,0.023931453200309424
width_28-height_28-cin_144-cout_32-kernel_1-stride_1-pad_SAME-group_1-fb_1-wb_5-layer,0.017921500000000007,0.02423364575579499
width_28-height_28-cin_144-cout_32-kernel_1-stride_1-pad_SAME-group_1-fb_1-wb_6-layer,0.017925499999999997,0.02430228522511953
width_28-height_28-cin_144-cout_32-kernel_1-stride_1-pad_SAME-group_1-fb_1-wb_7-layer,0.0179295,0.024370894068059902
width_28-height_28-cin_144-cout_32-kernel_1-stride_1-pad_SAME-group_1-fb_3-wb_1-layer,0.020258750000000006,0.02406624357746691
width_28-height_28-cin_144-cout_32-kernel_1-stride_1-pad_SAME-group_1-fb_3-wb_3-layer,0.020265500000000006,0.024333228403519286
width_28-height_28-cin_144-cout_32-kernel_1-stride_1-pad_SAME-group_1-fb_3-wb_5-layer,0.020270125,0.02474582885372441
width_28-height_28-cin_144-cout_32-kernel_1-stride_1-pad_SAME-group_1-fb_3-wb_6-layer,0.0202735,0.02480642147995443
width_28-height_28-cin_144-cout_32-kernel_1-stride_1-pad_SAME-group_1-fb_3-wb_7-layer,0.02027675000000001,0.024867147232870753
width_28-height_28-cin_144-cout_32-kernel_1-stride_1-pad_SAME-group_1-fb_5-wb_1-layer,0.022609500000000005,0.024412162940823996
width_28-height_28-cin_144-cout_32-kernel_1-stride_1-pad_SAME-group_1-fb_5-wb_3-layer,0.022615499999999997,0.024781834631687486
width_28-height_28-cin_144-cout_32-kernel_1-stride_1-pad_SAME-group_1-fb_5-wb_5-layer,0.0226205,0.02541215132079662
width_28-height_28-cin_144-cout_32-kernel_1-stride_1-pad_SAME-group_1-fb_5-wb_6-layer,0.022623500000000005,0.025466431627611297
width_28-height_28-cin_144-cout_32-kernel_1-stride_1-pad_SAME-group_1-fb_5-wb_7-layer,0.022626500000000008,0.02552069754060275
width_28-height_28-cin_144-cout_32-kernel_1-stride_1-pad_SAME-group_1-fb_6-wb_1-layer,0.0237855,0.024497488314329317
width_28-height_28-cin_144-cout_32-kernel_1-stride_1-pad_SAME-group_1-fb_6-wb_3-layer,0.023791500000000007,0.024848865830353187
width_28-height_28-cin_144-cout_32-kernel_1-stride_1-pad_SAME-group_1-fb_6-wb_5-layer,0.023796499999999998,0.025448018794444565
width_28-height_28-cin_144-cout_32-kernel_1-stride_1-pad_SAME-group_1-fb_6-wb_6-layer,0.0237995,0.025499612437958112
width_28-height_28-cin_144-cout_32-kernel_1-stride_1-pad_SAME-group_1-fb_6-wb_7-layer,0.023802500000000004,0.025551193076036902
width_28-height_28-cin_144-cout_32-kernel_1-stride_1-pad_SAME-group_1-fb_7-wb_1-layer,0.024961499999999998,0.02457477389541495
width_28-height_28-cin_144-cout_32-kernel_1-stride_1-pad_SAME-group_1-fb_7-wb_3-layer,0.024967500000000004,0.024909582524993215
width_28-height_28-cin_144-cout_32-kernel_1-stride_1-pad_SAME-group_1-fb_7-wb_5-layer,0.02497250000000001,0.02548050814023106
width_28-height_28-cin_144-cout_32-kernel_1-stride_1-pad_SAME-group_1-fb_7-wb_6-layer,0.024975499999999998,0.025529668535448895
width_28-height_28-cin_144-cout_32-kernel_1-stride_1-pad_SAME-group_1-fb_7-wb_7-layer,0.0249785,0.02557881712201646
width_28-height_28-cin_192-cout_192-kernel_3-stride_1-pad_SAME-group_192-fb_1-wb_1-layer,0.111160125,0.027663286151017343
width_28-height_28-cin_192-cout_192-kernel_3-stride_1-pad_SAME-group_192-fb_1-wb_3-layer,0.16948549999999998,0.023898203130562373
width_28-height_28-cin_192-cout_192-kernel_3-stride_1-pad_SAME-group_192-fb_1-wb_5-layer,0.312720125,0.026944131566549612
width_28-height_28-cin_192-cout_192-kernel_3-stride_1-pad_SAME-group_192-fb_1-wb_6-layer,0.312936125,0.027225613449776972
width_28-height_28-cin_192-cout_192-kernel_3-stride_1-pad_SAME-group_192-fb_1-wb_7-layer,0.313152125,0.027506707022774746
width_28-height_28-cin_192-cout_192-kernel_3-stride_1-pad_SAME-group_192-fb_3-wb_1-layer,0.16941624999999996,0.029264418784548576
width_28-height_28-cin_192-cout_192-kernel_3-stride_1-pad_SAME-group_192-fb_3-wb_3-layer,0.25414675,0.0253844156978479
width_28-height_28-cin_192-cout_192-kernel_3-stride_1-pad_SAME-group_192-fb_3-wb_5-layer,0.5081215,0.023171449177620398
width_28-height_28-cin_192-cout_192-kernel_3-stride_1-pad_SAME-group_192-fb_3-wb_6-layer,0.5081335,0.023355707300383638
width_28-height_28-cin_192-cout_192-kernel_3-stride_1-pad_SAME-group_192-fb_3-wb_7-layer,0.5081455,0.0235399567205313
width_28-height_28-cin_192-cout_192-kernel_3-stride_1-pad_SAME-group_192-fb_5-wb_1-layer,0.254096,0.025953943810067878
width_28-height_28-cin_192-cout_192-kernel_3-stride_1-pad_SAME-group_192-fb_5-wb_3-layer,0.5080853750000001,0.02721662281917291
width_28-height_28-cin_192-cout_192-kernel_3-stride_1-pad_SAME-group_192-fb_5-wb_5-layer,1.016122125,0.02160878062204344
width_28-height_28-cin_192-cout_192-kernel_3-stride_1-pad_SAME-group_192-fb_5-wb_6-layer,1.016128125,0.02170106832398016
width_28-height_28-cin_192-cout_192-kernel_3-stride_1-pad_SAME-group_192-fb_5-wb_7-layer,1.016134125,0.021793354936048524
width_28-height_28-cin_192-cout_192-kernel_3-stride_1-pad_SAME-group_192-fb_6-wb_1-layer,0.25410049999999995,0.02886149908874438
width_28-height_28-cin_192-cout_192-kernel_3-stride_1-pad_SAME-group_192-fb_6-wb_3-layer,0.5080985,0.024909079858036788
width_28-height_28-cin_192-cout_192-kernel_3-stride_1-pad_SAME-group_192-fb_6-wb_5-layer,1.0161235,0.022712095641470982
width_28-height_28-cin_192-cout_192-kernel_3-stride_1-pad_SAME-group_192-fb_6-wb_6-layer,1.0161295,0.022804376703716888
width_28-height_28-cin_192-cout_192-kernel_3-stride_1-pad_SAME-group_192-fb_6-wb_7-layer,1.0161355,0.022896656676174323
width_28-height_28-cin_192-cout_192-kernel_3-stride_1-pad_SAME-group_192-fb_7-wb_1-layer,0.254105,0.03176895138637952
width_28-height_28-cin_192-cout_192-kernel_3-stride_1-pad_SAME-group_192-fb_7-wb_3-layer,0.5081,0.026363302804733684
width_28-height_28-cin_192-cout_192-kernel_3-stride_1-pad_SAME-group_192-fb_7-wb_5-layer,1.01612475,0.023815410604616102
width_28-height_28-cin_192-cout_192-kernel_3-stride_1-pad_SAME-group_192-fb_7-wb_6-layer,1.01613075,0.02390768503854069
width_28-height_28-cin_192-cout_192-kernel_3-stride_1-pad_SAME-group_192-fb_7-wb_7-layer,1.01613675,0.023999958382756433
width_28-height_28-cin_192-cout_192-kernel_3-stride_2-pad_SAME-group_192-fb_1-wb_1-layer,0.032662124999999986,0.026998962233367018
width_28-height_28-cin_192-cout_192-kernel_3-stride_2-pad_SAME-group_192-fb_1-wb_3-layer,0.04248199999999999,0.027001699467458607
width_28-height_28-cin_192-cout_192-kernel_3-stride_2-pad_SAME-group_192-fb_1-wb_5-layer,0.08045824999999998,0.026811277221978864
width_28-height_28-cin_192-cout_192-kernel_3-stride_2-pad_SAME-group_192-fb_1-wb_6-layer,0.083910125,0.026952757560377662
width_28-height_28-cin_192-cout_192-kernel_3-stride_2-pad_SAME-group_192-fb_1-wb_7-layer,0.084126125,0.027207070060629664
width_28-height_28-cin_192-cout_192-kernel_3-stride_2-pad_SAME-group_192-fb_3-wb_1-layer,0.04736212499999998,0.029278087704590804
width_28-height_28-cin_192-cout_192-kernel_3-stride_2-pad_SAME-group_192-fb_3-wb_3-layer,0.069836125,0.028532747025535442
width_28-height_28-cin_192-cout_192-kernel_3-stride_2-pad_SAME-group_192-fb_3-wb_5-layer,0.12710199999999997,0.02620518976224576
width_28-height_28-cin_192-cout_192-kernel_3-stride_2-pad_SAME-group_192-fb_3-wb_6-layer,0.12711399999999998,0.026416823874469093
width_28-height_28-cin_192-cout_192-kernel_3-stride_2-pad_SAME-group_192-fb_3-wb_7-layer,0.127126,0.026628418032484055
width_28-height_28-cin_192-cout_192-kernel_3-stride_2-pad_SAME-group_192-fb_5-wb_1-layer,0.06360237499999999,0.02973657421744619
width_28-height_28-cin_192-cout_192-kernel_3-stride_2-pad_SAME-group_192-fb_5-wb_3-layer,0.127143625,0.025399875816704394
width_28-height_28-cin_192-cout_192-kernel_3-stride_2-pad_SAME-group_192-fb_5-wb_5-layer,0.254077625,0.023620801295532266
width_28-height_28-cin_192-cout_192-kernel_3-stride_2-pad_SAME-group_192-fb_5-wb_6-layer,0.25408062499999995,0.025905970413143003
width_28-height_28-cin_192-cout_192-kernel_3-stride_2-pad_SAME-group_192-fb_5-wb_7-layer,0.25409012499999994,0.026267224326595597
width_28-height_28-cin_192-cout_192-kernel_3-stride_2-pad_SAME-group_192-fb_6-wb_1-layer,0.06940412499999998,0.030600839702971325
width_28-height_28-cin_192-cout_192-kernel_3-stride_2-pad_SAME-group_192-fb_6-wb_3-layer,0.127097,0.02723856617498661
width_28-height_28-cin_192-cout_192-kernel_3-stride_2-pad_SAME-group_192-fb_6-wb_5-layer,0.254079375,0.025207290148625404
width_28-height_28-cin_192-cout_192-kernel_3-stride_2-pad_SAME-group_192-fb_6-wb_6-layer,0.25408600000000003,0.025788904445930523
width_28-height_28-cin_192-cout_192-kernel_3-stride_2-pad_SAME-group_192-fb_6-wb_7-layer,0.254092,0.025895406765529844
width_28-height_28-cin_192-cout_192-kernel_3-stride_2-pad_SAME-group_192-fb_7-wb_1-layer,0.07675412499999998,0.03069974757847379
width_28-height_28-cin_192-cout_192-kernel_3-stride_2-pad_SAME-group_192-fb_7-wb_3-layer,0.12736212499999996,0.029007429048462516
width_28-height_28-cin_192-cout_192-kernel_3-stride_2-pad_SAME-group_192-fb_7-wb_5-layer,0.25408125000000004,0.02679374396594413
width_28-height_28-cin_192-cout_192-kernel_3-stride_2-pad_SAME-group_192-fb_7-wb_6-layer,0.25411975,0.024635775295872377
width_28-height_28-cin_192-cout_192-kernel_3-stride_2-pad_SAME-group_192-fb_7-wb_7-layer,0.25413175,0.024741706536320504
width_28-height_28-cin_192-cout_32-kernel_1-stride_1-pad_SAME-group_1-fb_1-wb_1-layer,0.018298750000000003,0.023705672878875334
width_28-height_28-cin_192-cout_32-kernel_1-stride_1-pad_SAME-group_1-fb_1-wb_3-layer,0.01830949999999998,0.024046144162468697
width_28-height_28-cin_192-cout_32-kernel_1-stride_1-pad_SAME-group_1-fb_1-wb_5-layer,0.018313499999999983,0.024386800742167283
width_28-height_28-cin_192-cout_32-kernel_1-stride_1-pad_SAME-group_1-fb_1-wb_6-layer,0.018317499999999987,0.024476411702393487
width_28-height_28-cin_192-cout_32-kernel_1-stride_1-pad_SAME-group_1-fb_1-wb_7-layer,0.01832149999999999,0.024565983534399715
width_28-height_28-cin_192-cout_32-kernel_1-stride_1-pad_SAME-group_1-fb_3-wb_1-layer,0.021434750000000002,0.024199110647030658
width_28-height_28-cin_192-cout_32-kernel_1-stride_1-pad_SAME-group_1-fb_3-wb_3-layer,0.021441500000000002,0.024489809212553986
width_28-height_28-cin_192-cout_32-kernel_1-stride_1-pad_SAME-group_1-fb_3-wb_5-layer,0.021449499999999982,0.025055300584759577
width_28-height_28-cin_192-cout_32-kernel_1-stride_1-pad_SAME-group_1-fb_3-wb_6-layer,0.021453499999999986,0.025131687876556865
width_28-height_28-cin_192-cout_32-kernel_1-stride_1-pad_SAME-group_1-fb_3-wb_7-layer,0.02145749999999999,0.02520804668887917
width_28-height_28-cin_192-cout_32-kernel_1-stride_1-pad_SAME-group_1-fb_5-wb_1-layer,0.024569499999999994,0.02456658918863926
width_28-height_28-cin_192-cout_32-kernel_1-stride_1-pad_SAME-group_1-fb_5-wb_3-layer,0.024577500000000002,0.02506008498553945
width_28-height_28-cin_192-cout_32-kernel_1-stride_1-pad_SAME-group_1-fb_5-wb_5-layer,0.024585499999999982,0.025913123512717705
width_28-height_28-cin_192-cout_32-kernel_1-stride_1-pad_SAME-group_1-fb_5-wb_6-layer,0.024589499999999986,0.02597962927626964
width_28-height_28-cin_192-cout_32-kernel_1-stride_1-pad_SAME-group_1-fb_5-wb_7-layer,0.02459349999999999,0.026046113406214832
width_28-height_28-cin_192-cout_32-kernel_1-stride_1-pad_SAME-group_1-fb_6-wb_1-layer,0.02613749999999998,0.024660854842920413
width_28-height_28-cin_192-cout_32-kernel_1-stride_1-pad_SAME-group_1-fb_6-wb_3-layer,0.026145499999999988,0.025124725827337657
width_28-height_28-cin_192-cout_32-kernel_1-stride_1-pad_SAME-group_1-fb_6-wb_5-layer,0.026153499999999996,0.02592660173622958
width_28-height_28-cin_192-cout_32-kernel_1-stride_1-pad_SAME-group_1-fb_6-wb_6-layer,0.0261575,0.02598911877952375
width_28-height_28-cin_192-cout_32-kernel_1-stride_1-pad_SAME-group_1-fb_6-wb_7-layer,0.026161499999999976,0.02605161670555222
width_28-height_28-cin_192-cout_32-kernel_1-stride_1-pad_SAME-group_1-fb_7-wb_1-layer,0.027705499999999994,0.024744450518611558
width_28-height_28-cin_192-cout_32-kernel_1-stride_1-pad_SAME-group_1-fb_7-wb_3-layer,0.027713500000000002,0.025182052050632946
width_28-height_28-cin_192-cout_32-kernel_1-stride_1-pad_SAME-group_1-fb_7-wb_5-layer,0.027721499999999982,0.025938555233123765
width_28-height_28-cin_192-cout_32-kernel_1-stride_1-pad_SAME-group_1-fb_7-wb_6-layer,0.027725499999999986,0.025997534935779432
width_28-height_28-cin_192-cout_32-kernel_1-stride_1-pad_SAME-group_1-fb_7-wb_7-layer,0.02772949999999999,0.026056497622707394
width_28-height_28-cin_32-cout_192-kernel_1-stride_1-pad_SAME-group_1-fb_1-wb_1-layer,0.100645375,0.023440884268047888
width_28-height_28-cin_32-cout_192-kernel_1-stride_1-pad_SAME-group_1-fb_1-wb_3-layer,0.100661375,0.023473544393217673
width_28-height_28-cin_32-cout_192-kernel_1-stride_1-pad_SAME-group_1-fb_1-wb_5-layer,0.100653375,0.023506294707308126
width_28-height_28-cin_32-cout_192-kernel_1-stride_1-pad_SAME-group_1-fb_1-wb_6-layer,0.100661375,0.02352261957143915
width_28-height_28-cin_32-cout_192-kernel_1-stride_1-pad_SAME-group_1-fb_1-wb_7-layer,0.100669375,0.02353894184095959
width_28-height_28-cin_32-cout_192-kernel_1-stride_1-pad_SAME-group_1-fb_3-wb_1-layer,0.10115199999999999,0.023530411464091114
width_28-height_28-cin_32-cout_192-kernel_1-stride_1-pad_SAME-group_1-fb_3-wb_3-layer,0.10116,0.023562931715594777
width_28-height_28-cin_32-cout_192-kernel_1-stride_1-pad_SAME-group_1-fb_3-wb_5-layer,0.101156,0.023595507446921585
width_28-height_28-cin_32-cout_192-kernel_1-stride_1-pad_SAME-group_1-fb_3-wb_6-layer,0.10116,0.02361176499869229
width_28-height_28-cin_32-cout_192-kernel_1-stride_1-pad_SAME-group_1-fb_3-wb_7-layer,0.101164,0.023628021264823686
width_28-height_28-cin_32-cout_192-kernel_1-stride_1-pad_SAME-group_1-fb_5-wb_1-layer,0.10166675,0.023618975217206573
width_28-height_28-cin_32-cout_192-kernel_1-stride_1-pad_SAME-group_1-fb_5-wb_3-layer,0.10167075,0.023651346163344873
width_28-height_28-cin_32-cout_192-kernel_1-stride_1-pad_SAME-group_1-fb_5-wb_5-layer,0.10167875,0.023857718179331664
width_28-height_28-cin_32-cout_192-kernel_1-stride_1-pad_SAME-group_1-fb_5-wb_6-layer,0.10168275,0.023873881836335386
width_28-height_28-cin_32-cout_192-kernel_1-stride_1-pad_SAME-group_1-fb_5-wb_7-layer,0.10168674999999999,0.023890044221695987
width_28-height_28-cin_32-cout_192-kernel_1-stride_1-pad_SAME-group_1-fb_6-wb_1-layer,0.101928,0.023662927953544615
width_28-height_28-cin_32-cout_192-kernel_1-stride_1-pad_SAME-group_1-fb_6-wb_3-layer,0.101932,0.02369521420870635
width_28-height_28-cin_32-cout_192-kernel_1-stride_1-pad_SAME-group_1-fb_6-wb_5-layer,0.10194,0.02390105389554326
width_28-height_28-cin_32-cout_192-kernel_1-stride_1-pad_SAME-group_1-fb_6-wb_6-layer,0.10194399999999999,0.02391717442986926
width_28-height_28-cin_32-cout_192-kernel_1-stride_1-pad_SAME-group_1-fb_6-wb_7-layer,0.101948,0.023933293699194728
width_28-height_28-cin_32-cout_192-kernel_1-stride_1-pad_SAME-group_1-fb_7-wb_1-layer,0.102189375,0.02370662695836877
width_28-height_28-cin_32-cout_192-kernel_1-stride_1-pad_SAME-group_1-fb_7-wb_3-layer,0.102193375,0.02373882892611009
width_28-height_28-cin_32-cout_192-kernel_1-stride_1-pad_SAME-group_1-fb_7-wb_5-layer,0.102201375,0.023944138774029605
width_28-height_28-cin_32-cout_192-kernel_1-stride_1-pad_SAME-group_1-fb_7-wb_6-layer,0.102205375,0.023960216396285927
width_28-height_28-cin_32-cout_192-kernel_1-stride_1-pad_SAME-group_1-fb_7-wb_7-layer,0.102209375,0.0239762927601354
width_56-height_56-cin_144-cout_144-kernel_3-stride_1-pad_SAME-group_144-fb_1-wb_1-layer,0.34201687499999994,0.0272146997495157
width_56-height_56-cin_144-cout_144-kernel_3-stride_1-pad_SAME-group_144-fb_1-wb_3-layer,0.5645724999999999,0.026627657714538497
width_56-height_56-cin_144-cout_144-kernel_3-stride_1-pad_SAME-group_144-fb_1-wb_5-layer,0.8468645000000001,0.018910568336859557
width_56-height_56-cin_144-cout_144-kernel_3-stride_1-pad_SAME-group_144-fb_1-wb_6-layer,0.8468925,0.019176246912987326
width_56-height_56-cin_144-cout_144-kernel_3-stride_1-pad_SAME-group_144-fb_1-wb_7-layer,1.053780125,0.02746669607246715
width_56-height_56-cin_144-cout_144-kernel_3-stride_1-pad_SAME-group_144-fb_3-wb_1-layer,0.5646212500000001,0.02416293580236093
width_56-height_56-cin_144-cout_144-kernel_3-stride_1-pad_SAME-group_144-fb_3-wb_3-layer,0.846814,0.021774858472292807
width_56-height_56-cin_144-cout_144-kernel_3-stride_1-pad_SAME-group_144-fb_3-wb_5-layer,1.4113445,0.019939675969111725
width_56-height_56-cin_144-cout_144-kernel_3-stride_1-pad_SAME-group_144-fb_3-wb_6-layer,1.41135275,0.021912881876748676
width_56-height_56-cin_144-cout_144-kernel_3-stride_1-pad_SAME-group_144-fb_3-wb_7-layer,1.41135875,0.024011281378659537
width_56-height_56-cin_144-cout_144-kernel_3-stride_1-pad_SAME-group_144-fb_5-wb_1-layer,0.8468,0.026009405761901184
width_56-height_56-cin_144-cout_144-kernel_3-stride_1-pad_SAME-group_144-fb_5-wb_3-layer,1.41129325,0.027461762629678282
width_56-height_56-cin_144-cout_144-kernel_3-stride_1-pad_SAME-group_144-fb_5-wb_5-layer,2.54030625,0.01626996722924742
width_56-height_56-cin_144-cout_144-kernel_3-stride_1-pad_SAME-group_144-fb_5-wb_6-layer,2.54033325,0.01635852882968132
width_56-height_56-cin_144-cout_144-kernel_3-stride_1-pad_SAME-group_144-fb_5-wb_7-layer,2.5402575,0.020801732379118386
width_56-height_56-cin_144-cout_144-kernel_3-stride_1-pad_SAME-group_144-fb_6-wb_1-layer,0.8468045,0.02891795954709679
width_56-height_56-cin_144-cout_144-kernel_3-stride_1-pad_SAME-group_144-fb_6-wb_3-layer,1.4112965,0.019775590345252617
width_56-height_56-cin_144-cout_144-kernel_3-stride_1-pad_SAME-group_144-fb_6-wb_5-layer,2.540307875,0.018447991187657914
width_56-height_56-cin_144-cout_144-kernel_3-stride_1-pad_SAME-group_144-fb_6-wb_6-layer,2.540334875,0.018536529582269597
width_56-height_56-cin_144-cout_144-kernel_3-stride_1-pad_SAME-group_144-fb_6-wb_7-layer,2.54026425,0.021141997883664145
width_56-height_56-cin_144-cout_144-kernel_3-stride_1-pad_SAME-group_144-fb_7-wb_1-layer,0.8468090000000001,0.03182648241979138
width_56-height_56-cin_144-cout_144-kernel_3-stride_1-pad_SAME-group_144-fb_7-wb_3-layer,1.411298,0.02176156737820815
width_56-height_56-cin_144-cout_144-kernel_3-stride_1-pad_SAME-group_144-fb_7-wb_5-layer,2.540309625,0.020626011344630324
width_56-height_56-cin_144-cout_144-kernel_3-stride_1-pad_SAME-group_144-fb_7-wb_6-layer,2.540336625,0.020714526529134396
width_56-height_56-cin_144-cout_144-kernel_3-stride_1-pad_SAME-group_144-fb_7-wb_7-layer,2.540271,0.021482261579905074
width_56-height_56-cin_144-cout_144-kernel_3-stride_2-pad_SAME-group_144-fb_1-wb_1-layer,0.08974037499999998,0.027025664507409522
width_56-height_56-cin_144-cout_144-kernel_3-stride_2-pad_SAME-group_144-fb_1-wb_3-layer,0.14121687499999996,0.02666769589881946
width_56-height_56-cin_144-cout_144-kernel_3-stride_2-pad_SAME-group_144-fb_1-wb_5-layer,0.21182887499999997,0.01895771559857456
width_56-height_56-cin_144-cout_144-kernel_3-stride_2-pad_SAME-group_144-fb_1-wb_6-layer,0.211856875,0.019232786775389563
width_56-height_56-cin_144-cout_144-kernel_3-stride_2-pad_SAME-group_144-fb_1-wb_7-layer,0.28242474999999995,0.026913685742493323
width_56-height_56-cin_144-cout_144-kernel_3-stride_2-pad_SAME-group_144-fb_3-wb_1-layer,0.14127050000000002,0.024159411279821904
width_56-height_56-cin_144-cout_144-kernel_3-stride_2-pad_SAME-group_144-fb_3-wb_3-layer,0.21178887499999993,0.026150924016455922
width_56-height_56-cin_144-cout_144-kernel_3-stride_2-pad_SAME-group_144-fb_3-wb_5-layer,0.35295225,0.019966635049061734
width_56-height_56-cin_144-cout_144-kernel_3-stride_2-pad_SAME-group_144-fb_3-wb_6-layer,0.35297962499999996,0.020131468929414385
width_56-height_56-cin_144-cout_144-kernel_3-stride_2-pad_SAME-group_144-fb_3-wb_7-layer,0.38865187500000004,0.027359746768196608
width_56-height_56-cin_144-cout_144-kernel_3-stride_2-pad_SAME-group_144-fb_5-wb_1-layer,0.21181699999999998,0.020373497860925155
width_56-height_56-cin_144-cout_144-kernel_3-stride_2-pad_SAME-group_144-fb_5-wb_3-layer,0.352904375,0.027475569028495957
width_56-height_56-cin_144-cout_144-kernel_3-stride_2-pad_SAME-group_144-fb_5-wb_5-layer,0.635197375,0.01628527092880571
width_56-height_56-cin_144-cout_144-kernel_3-stride_2-pad_SAME-group_144-fb_5-wb_6-layer,0.635224375,0.01637697303259888
width_56-height_56-cin_144-cout_144-kernel_3-stride_2-pad_SAME-group_144-fb_5-wb_7-layer,0.635154,0.021261173565904835
width_56-height_56-cin_144-cout_144-kernel_3-stride_2-pad_SAME-group_144-fb_6-wb_1-layer,0.211817875,0.022190701513240964
width_56-height_56-cin_144-cout_144-kernel_3-stride_2-pad_SAME-group_144-fb_6-wb_3-layer,0.35292087499999997,0.025011789654404325
width_56-height_56-cin_144-cout_144-kernel_3-stride_2-pad_SAME-group_144-fb_6-wb_5-layer,0.6352007500000001,0.01846279433421261
width_56-height_56-cin_144-cout_144-kernel_3-stride_2-pad_SAME-group_144-fb_6-wb_6-layer,0.6352277500000001,0.01855440339637379
width_56-height_56-cin_144-cout_144-kernel_3-stride_2-pad_SAME-group_144-fb_6-wb_7-layer,0.635113875,0.027088468250018437
width_56-height_56-cin_144-cout_144-kernel_3-stride_2-pad_SAME-group_144-fb_7-wb_1-layer,0.21181862499999998,0.024007904319935908
width_56-height_56-cin_144-cout_144-kernel_3-stride_2-pad_SAME-group_144-fb_7-wb_3-layer,0.35292562499999997,0.027867121498332467
width_56-height_56-cin_144-cout_144-kernel_3-stride_2-pad_SAME-group_144-fb_7-wb_5-layer,0.635202375,0.020640351464734374
width_56-height_56-cin_144-cout_144-kernel_3-stride_2-pad_SAME-group_144-fb_7-wb_6-layer,0.635229375,0.0207318677369372
width_56-height_56-cin_144-cout_144-kernel_3-stride_2-pad_SAME-group_144-fb_7-wb_7-layer,0.6351612500000001,0.024434419760780302
width_56-height_56-cin_144-cout_24-kernel_1-stride_1-pad_SAME-group_1-fb_1-wb_1-layer,0.07160949999999999,0.02354531494862598
width_56-height_56-cin_144-cout_24-kernel_1-stride_1-pad_SAME-group_1-fb_1-wb_3-layer,0.0716175,0.023813445691577822
width_56-height_56-cin_144-cout_24-kernel_1-stride_1-pad_SAME-group_1-fb_1-wb_5-layer,0.07162049999999998,0.02408158614842734
width_56-height_56-cin_144-cout_24-kernel_1-stride_1-pad_SAME-group_1-fb_1-wb_6-layer,0.0716235,0.02413327295060554
width_56-height_56-cin_144-cout_24-kernel_1-stride_1-pad_SAME-group_1-fb_1-wb_7-layer,0.07162649999999998,0.024184955423089956
width_56-height_56-cin_144-cout_24-kernel_1-stride_1-pad_SAME-group_1-fb_3-wb_1-layer,0.08101749999999996,0.023907117923165157
width_56-height_56-cin_144-cout_24-kernel_1-stride_1-pad_SAME-group_1-fb_3-wb_3-layer,0.0810225,0.024144119091577373
width_56-height_56-cin_144-cout_24-kernel_1-stride_1-pad_SAME-group_1-fb_3-wb_5-layer,0.08102599999999999,0.024526705051906808
width_56-height_56-cin_144-cout_24-kernel_1-stride_1-pad_SAME-group_1-fb_3-wb_6-layer,0.0810285,0.024572384972725014
width_56-height_56-cin_144-cout_24-kernel_1-stride_1-pad_SAME-group_1-fb_3-wb_7-layer,0.08103099999999996,0.024618062074873766
width_56-height_56-cin_144-cout_24-kernel_1-stride_1-pad_SAME-group_1-fb_5-wb_1-layer,0.09042449999999996,0.024193648153445317
width_56-height_56-cin_144-cout_24-kernel_1-stride_1-pad_SAME-group_1-fb_5-wb_3-layer,0.09042899999999998,0.02453643782752107
width_56-height_56-cin_144-cout_24-kernel_1-stride_1-pad_SAME-group_1-fb_5-wb_5-layer,0.09043275,0.02514010000199243
width_56-height_56-cin_144-cout_24-kernel_1-stride_1-pad_SAME-group_1-fb_5-wb_6-layer,0.09043499999999999,0.025181017300580796
width_56-height_56-cin_144-cout_24-kernel_1-stride_1-pad_SAME-group_1-fb_5-wb_7-layer,0.09043724999999997,0.025221932563195677
width_56-height_56-cin_144-cout_24-kernel_1-stride_1-pad_SAME-group_1-fb_6-wb_1-layer,0.0951285,0.024253652649441716
width_56-height_56-cin_144-cout_24-kernel_1-stride_1-pad_SAME-group_1-fb_6-wb_3-layer,0.09513299999999997,0.024579489713517963
width_56-height_56-cin_144-cout_24-kernel_1-stride_1-pad_SAME-group_1-fb_6-wb_5-layer,0.09513674999999999,0.025153302347057052
width_56-height_56-cin_144-cout_24-kernel_1-stride_1-pad_SAME-group_1-fb_6-wb_6-layer,0.09513899999999997,0.025192196241175815
width_56-height_56-cin_144-cout_24-kernel_1-stride_1-pad_SAME-group_1-fb_6-wb_7-layer,0.09514125000000001,0.025231088295687376
width_56-height_56-cin_144-cout_24-kernel_1-stride_1-pad_SAME-group_1-fb_7-wb_1-layer,0.09983249999999999,0.024308002450841318
width_56-height_56-cin_144-cout_24-kernel_1-stride_1-pad_SAME-group_1-fb_7-wb_3-layer,0.09983700000000001,0.024618484665277444
width_56-height_56-cin_144-cout_24-kernel_1-stride_1-pad_SAME-group_1-fb_7-wb_5-layer,0.09984074999999998,0.025165260634335978
width_56-height_56-cin_144-cout_24-kernel_1-stride_1-pad_SAME-group_1-fb_7-wb_6-layer,0.09984299999999996,0.02520232181325106
width_56-height_56-cin_144-cout_24-kernel_1-stride_1-pad_SAME-group_1-fb_7-wb_7-layer,0.09984525,0.02523938132182821
width_56-height_56-cin_24-cout_144-kernel_1-stride_1-pad_SAME-group_1-fb_1-wb_1-layer,0.33531475,0.023412766240938795
width_56-height_56-cin_24-cout_144-kernel_1-stride_1-pad_SAME-group_1-fb_1-wb_3-layer,0.33532675,0.02343485222771115
width_56-height_56-cin_24-cout_144-kernel_1-stride_1-pad_SAME-group_1-fb_1-wb_5-layer,0.33532075,0.023456956630732096
width_56-height_56-cin_24-cout_144-kernel_1-stride_1-pad_SAME-group_1-fb_1-wb_6-layer,0.33532675,0.023467998833419833
width_56-height_56-cin_24-cout_144-kernel_1-stride_1-pad_SAME-group_1-fb_1-wb_7-layer,0.33533275,0.023479040640958473
width_56-height_56-cin_24-cout_144-kernel_1-stride_1-pad_SAME-group_1-fb_3-wb_1-layer,0.33687075,0.023473086076838196
width_56-height_56-cin_24-cout_144-kernel_1-stride_1-pad_SAME-group_1-fb_3-wb_3-layer,0.33687675,0.023495075217828336
width_56-height_56-cin_24-cout_144-kernel_1-stride_1-pad_SAME-group_1-fb_3-wb_5-layer,0.33687374999999997,0.023517075134287316
width_56-height_56-cin_24-cout_144-kernel_1-stride_1-pad_SAME-group_1-fb_3-wb_6-layer,0.33687675,0.02352806931304513
width_56-height_56-cin_24-cout_144-kernel_1-stride_1-pad_SAME-group_1-fb_3-wb_7-layer,0.33687975,0.023539063295991022
width_56-height_56-cin_24-cout_144-kernel_1-stride_1-pad_SAME-group_1-fb_5-wb_1-layer,0.33843275,0.023532843292029346
width_56-height_56-cin_24-cout_144-kernel_1-stride_1-pad_SAME-group_1-fb_5-wb_3-layer,0.33843575,0.023554734055912855
width_56-height_56-cin_24-cout_144-kernel_1-stride_1-pad_SAME-group_1-fb_5-wb_5-layer,0.33844175,0.023750897892035838
width_56-height_56-cin_24-cout_144-kernel_1-stride_1-pad_SAME-group_1-fb_5-wb_6-layer,0.33844475,0.023761839062612658
width_56-height_56-cin_24-cout_144-kernel_1-stride_1-pad_SAME-group_1-fb_5-wb_7-layer,0.33844775,0.023772780039224464
width_56-height_56-cin_24-cout_144-kernel_1-stride_1-pad_SAME-group_1-fb_6-wb_1-layer,0.33921675,0.023562511295350076
width_56-height_56-cin_24-cout_144-kernel_1-stride_1-pad_SAME-group_1-fb_6-wb_3-layer,0.33921975,0.023584351203223893
width_56-height_56-cin_24-cout_144-kernel_1-stride_1-pad_SAME-group_1-fb_6-wb_5-layer,0.33922575,0.023780061152369244
width_56-height_56-cin_24-cout_144-kernel_1-stride_1-pad_SAME-group_1-fb_6-wb_6-layer,0.33922874999999997,0.02379097677862674
width_56-height_56-cin_24-cout_144-kernel_1-stride_1-pad_SAME-group_1-fb_6-wb_7-layer,0.33923175,0.023801892211819303
width_56-height_56-cin_24-cout_144-kernel_1-stride_1-pad_SAME-group_1-fb_7-wb_1-layer,0.34000075,0.023592042477122016
width_56-height_56-cin_24-cout_144-kernel_1-stride_1-pad_SAME-group_1-fb_7-wb_3-layer,0.34000375,0.023613831764726742
width_56-height_56-cin_24-cout_144-kernel_1-stride_1-pad_SAME-group_1-fb_7-wb_5-layer,0.34000975,0.023809089922464634
width_56-height_56-cin_24-cout_144-kernel_1-stride_1-pad_SAME-group_1-fb_7-wb_6-layer,0.34001275,0.02381998012338942
width_56-height_56-cin_24-cout_144-kernel_1-stride_1-pad_SAME-group_1-fb_7-wb_7-layer,0.34001575,0.02383087013214309
width_56-height_56-cin_96-cout_24-kernel_1-stride_1-pad_SAME-group_1-fb_1-wb_1-layer,0.0700415,0.023486003072659713
width_56-height_56-cin_96-cout_24-kernel_1-stride_1-pad_SAME-group_1-fb_1-wb_3-layer,0.07004350000000001,0.02355651884846235
width_56-height_56-cin_96-cout_24-kernel_1-stride_1-pad_SAME-group_1-fb_1-wb_5-layer,0.07004750000000001,0.02379542337478538
width_56-height_56-cin_96-cout_24-kernel_1-stride_1-pad_SAME-group_1-fb_1-wb_6-layer,0.07004950000000001,0.02383066367546926
width_56-height_56-cin_96-cout_24-kernel_1-stride_1-pad_SAME-group_1-fb_1-wb_7-layer,0.07005149999999996,0.02386590196390213
width_56-height_56-cin_96-cout_24-kernel_1-stride_1-pad_SAME-group_1-fb_3-wb_1-layer,0.0763115,0.02364390854412328
width_56-height_56-cin_96-cout_24-kernel_1-stride_1-pad_SAME-group_1-fb_3-wb_3-layer,0.07631550000000001,0.0238631866101627
width_56-height_56-cin_96-cout_24-kernel_1-stride_1-pad_SAME-group_1-fb_3-wb_5-layer,0.076317,0.02408247438438146
width_56-height_56-cin_96-cout_24-kernel_1-stride_1-pad_SAME-group_1-fb_3-wb_6-layer,0.07631849999999998,0.02411481897147791
width_56-height_56-cin_96-cout_24-kernel_1-stride_1-pad_SAME-group_1-fb_3-wb_7-layer,0.07631999999999997,0.024147162287167612
width_56-height_56-cin_96-cout_24-kernel_1-stride_1-pad_SAME-group_1-fb_5-wb_1-layer,0.0825835,0.02392066353025076
width_56-height_56-cin_96-cout_24-kernel_1-stride_1-pad_SAME-group_1-fb_5-wb_3-layer,0.08258599999999996,0.024123294273976813
width_56-height_56-cin_96-cout_24-kernel_1-stride_1-pad_SAME-group_1-fb_5-wb_5-layer,0.082589,0.02461157471317537
width_56-height_56-cin_96-cout_24-kernel_1-stride_1-pad_SAME-group_1-fb_5-wb_6-layer,0.08259049999999998,0.02464145341253941
width_56-height_56-cin_96-cout_24-kernel_1-stride_1-pad_SAME-group_1-fb_5-wb_7-layer,0.08259199999999997,0.02467133102661557
width_56-height_56-cin_96-cout_24-kernel_1-stride_1-pad_SAME-group_1-fb_6-wb_1-layer,0.08571949999999998,0.023975044446027622
width_56-height_56-cin_96-cout_24-kernel_1-stride_1-pad_SAME-group_1-fb_6-wb_3-layer,0.08572199999999999,0.024170260687471693
width_56-height_56-cin_96-cout_24-kernel_1-stride_1-pad_SAME-group_1-fb_6-wb_5-layer,0.08572499999999997,0.024640677162172546
width_56-height_56-cin_96-cout_24-kernel_1-stride_1-pad_SAME-group_1-fb_6-wb_6-layer,0.08572650000000001,0.024669462346055597
width_56-height_56-cin_96-cout_24-kernel_1-stride_1-pad_SAME-group_1-fb_6-wb_7-layer,0.085728,0.024698246522618428
width_56-height_56-cin_96-cout_24-kernel_1-stride_1-pad_SAME-group_1-fb_7-wb_1-layer,0.0888555,0.024025586802528424
width_56-height_56-cin_96-cout_24-kernel_1-stride_1-pad_SAME-group_1-fb_7-wb_3-layer,0.08885799999999996,0.0242139119988324
width_56-height_56-cin_96-cout_24-kernel_1-stride_1-pad_SAME-group_1-fb_7-wb_5-layer,0.088861,0.024667725497890404
width_56-height_56-cin_96-cout_24-kernel_1-stride_1-pad_SAME-group_1-fb_7-wb_6-layer,0.08886249999999998,0.024695494382331536
width_56-height_56-cin_96-cout_24-kernel_1-stride_1-pad_SAME-group_1-fb_7-wb_7-layer,0.08886399999999997,0.024723262329310332
width_7-height_7-cin_160-cout_960-kernel_1-stride_1-pad_SAME-group_1-fb_1-wb_1-layer,0.03160175,0.02368558090410056
width_7-height_7-cin_160-cout_960-kernel_1-stride_1-pad_SAME-group_1-fb_1-wb_3-layer,0.03192175,0.024013980201326057
width_7-height_7-cin_160-cout_960-kernel_1-stride_1-pad_SAME-group_1-fb_1-wb_5-layer,0.03204175,0.024343672102928208
width_7-height_7-cin_160-cout_960-kernel_1-stride_1-pad_SAME-group_1-fb_1-wb_6-layer,0.032161749999999996,0.024418972507190065
width_7-height_7-cin_160-cout_960-kernel_1-stride_1-pad_SAME-group_1-fb_1-wb_7-layer,0.03228175,0.024493713087494946
width_7-height_7-cin_160-cout_960-kernel_1-stride_1-pad_SAME-group_1-fb_3-wb_1-layer,0.031765,0.024308240908023297
width_7-height_7-cin_160-cout_960-kernel_1-stride_1-pad_SAME-group_1-fb_3-wb_3-layer,0.033045125,0.024583801005632143
width_7-height_7-cin_160-cout_960-kernel_1-stride_1-pad_SAME-group_1-fb_3-wb_5-layer,0.033605125,0.0250410361245078
width_7-height_7-cin_160-cout_960-kernel_1-stride_1-pad_SAME-group_1-fb_3-wb_6-layer,0.034005125,0.02509368275467889
width_7-height_7-cin_160-cout_960-kernel_1-stride_1-pad_SAME-group_1-fb_3-wb_7-layer,0.034405125,0.025145105226991617
width_7-height_7-cin_160-cout_960-kernel_1-stride_1-pad_SAME-group_1-fb_5-wb_1-layer,0.031888375,0.02492674405459419
width_7-height_7-cin_160-cout_960-kernel_1-stride_1-pad_SAME-group_1-fb_5-wb_3-layer,0.033868499999999996,0.025297418056187907
width_7-height_7-cin_160-cout_960-kernel_1-stride_1-pad_SAME-group_1-fb_5-wb_5-layer,0.035268375,0.026139503800353712
width_7-height_7-cin_160-cout_960-kernel_1-stride_1-pad_SAME-group_1-fb_5-wb_6-layer,0.035724124999999995,0.026382740174261513
width_7-height_7-cin_160-cout_960-kernel_1-stride_1-pad_SAME-group_1-fb_5-wb_7-layer,0.036668374999999996,0.026163194056284193
width_7-height_7-cin_160-cout_960-kernel_1-stride_1-pad_SAME-group_1-fb_6-wb_1-layer,0.03197,0.02514642702394495
width_7-height_7-cin_160-cout_960-kernel_1-stride_1-pad_SAME-group_1-fb_6-wb_3-layer,0.033950125,0.02550339692267996
width_7-height_7-cin_160-cout_960-kernel_1-stride_1-pad_SAME-group_1-fb_6-wb_5-layer,0.035350124999999996,0.026335288272909926
width_7-height_7-cin_160-cout_960-kernel_1-stride_1-pad_SAME-group_1-fb_6-wb_6-layer,0.036050124999999995,0.02634353491458906
width_7-height_7-cin_160-cout_960-kernel_1-stride_1-pad_SAME-group_1-fb_6-wb_7-layer,0.036750125,0.0263514673995585
width_7-height_7-cin_160-cout_960-kernel_1-stride_1-pad_SAME-group_1-fb_7-wb_1-layer,0.03205175,0.025364892150011156
width_7-height_7-cin_160-cout_960-kernel_1-stride_1-pad_SAME-group_1-fb_7-wb_3-layer,0.03403175,0.02570838771039397
width_7-height_7-cin_160-cout_960-kernel_1-stride_1-pad_SAME-group_1-fb_7-wb_5-layer,0.03543175,0.026530262896187738
width_7-height_7-cin_160-cout_960-kernel_1-stride_1-pad_SAME-group_1-fb_7-wb_6-layer,0.03613175,0.02653471355875096
width_7-height_7-cin_160-cout_960-kernel_1-stride_1-pad_SAME-group_1-fb_7-wb_7-layer,0.036831749999999996,0.026538995048587158
width_7-height_7-cin_320-cout_1280-kernel_1-stride_1-pad_SAME-group_1-fb_1-wb_1-layer,0.042830125000000004,0.024151189653476846
width_7-height_7-cin_320-cout_1280-kernel_1-stride_1-pad_SAME-group_1-fb_1-wb_3-layer,0.043896750000000005,0.024605850364273433
width_7-height_7-cin_320-cout_1280-kernel_1-stride_1-pad_SAME-group_1-fb_1-wb_5-layer,0.044643499999999996,0.02521802951761399
width_7-height_7-cin_320-cout_1280-kernel_1-stride_1-pad_SAME-group_1-fb_1-wb_6-layer,0.04504675,0.025355532540997962
width_7-height_7-cin_320-cout_1280-kernel_1-stride_1-pad_SAME-group_1-fb_1-wb_7-layer,0.045710125,0.02546846304949724
width_7-height_7-cin_320-cout_1280-kernel_1-stride_1-pad_SAME-group_1-fb_3-wb_1-layer,0.04454349999999999,0.02513414433798512
width_7-height_7-cin_320-cout_1280-kernel_1-stride_1-pad_SAME-group_1-fb_3-wb_3-layer,0.0450635,0.02574788440180634
width_7-height_7-cin_320-cout_1280-kernel_1-stride_1-pad_SAME-group_1-fb_3-wb_5-layer,0.04804674999999999,0.0266420481663047
width_7-height_7-cin_320-cout_1280-kernel_1-stride_1-pad_SAME-group_1-fb_3-wb_6-layer,0.0483135,0.026764377411431586
width_7-height_7-cin_320-cout_1280-kernel_1-stride_1-pad_SAME-group_1-fb_3-wb_7-layer,0.053480124999999996,0.02654910493675922
width_7-height_7-cin_320-cout_1280-kernel_1-stride_1-pad_SAME-group_1-fb_5-wb_1-layer,0.0461635,0.0262192163224019
width_7-height_7-cin_320-cout_1280-kernel_1-stride_1-pad_SAME-group_1-fb_5-wb_3-layer,0.04669675,0.027266757120459135
width_7-height_7-cin_320-cout_1280-kernel_1-stride_1-pad_SAME-group_1-fb_5-wb_5-layer,0.07845012500000001,0.025960232170317125
width_7-height_7-cin_320-cout_1280-kernel_1-stride_1-pad_SAME-group_1-fb_5-wb_6-layer,0.07845674999999999,0.02612395210256862
width_7-height_7-cin_320-cout_1280-kernel_1-stride_1-pad_SAME-group_1-fb_5-wb_7-layer,0.078463375,0.026287644387664944
width_7-height_7-cin_320-cout_1280-kernel_1-stride_1-pad_SAME-group_1-fb_6-wb_1-layer,0.04652675,0.026596587166634253
width_7-height_7-cin_320-cout_1280-kernel_1-stride_1-pad_SAME-group_1-fb_6-wb_3-layer,0.04751349999999999,0.02759902686345565
width_7-height_7-cin_320-cout_1280-kernel_1-stride_1-pad_SAME-group_1-fb_6-wb_5-layer,0.078494125,0.022324526386024435
width_7-height_7-cin_320-cout_1280-kernel_1-stride_1-pad_SAME-group_1-fb_6-wb_6-layer,0.07850750000000001,0.02248652784820813
width_7-height_7-cin_320-cout_1280-kernel_1-stride_1-pad_SAME-group_1-fb_6-wb_7-layer,0.07852087499999999,0.02264847412074815
width_7-height_7-cin_320-cout_1280-kernel_1-stride_1-pad_SAME-group_1-fb_7-wb_1-layer,0.04669012499999999,0.026993786801093385
width_7-height_7-cin_320-cout_1280-kernel_1-stride_1-pad_SAME-group_1-fb_7-wb_3-layer,0.048330124999999995,0.027920138530343138
width_7-height_7-cin_320-cout_1280-kernel_1-stride_1-pad_SAME-group_1-fb_7-wb_5-layer,0.07849562499999999,0.02353350875479239
width_7-height_7-cin_320-cout_1280-kernel_1-stride_1-pad_SAME-group_1-fb_7-wb_6-layer,0.078509,0.023695301156341317
width_7-height_7-cin_320-cout_1280-kernel_1-stride_1-pad_SAME-group_1-fb_7-wb_7-layer,0.07852224999999999,0.023857076418671148
width_7-height_7-cin_576-cout_160-kernel_1-stride_1-pad_SAME-group_1-fb_1-wb_1-layer,0.005600749999999988,0.024738286879607312
width_7-height_7-cin_576-cout_160-kernel_1-stride_1-pad_SAME-group_1-fb_1-wb_3-layer,0.00632087499999999,0.025329473985851676
width_7-height_7-cin_576-cout_160-kernel_1-stride_1-pad_SAME-group_1-fb_1-wb_5-layer,0.006720874999999987,0.026203748769402867
width_7-height_7-cin_576-cout_160-kernel_1-stride_1-pad_SAME-group_1-fb_1-wb_6-layer,0.006960874999999991,0.02631797321806819
width_7-height_7-cin_576-cout_160-kernel_1-stride_1-pad_SAME-group_1-fb_1-wb_7-layer,0.007116749999999991,0.026485992652174162
width_7-height_7-cin_576-cout_160-kernel_1-stride_1-pad_SAME-group_1-fb_3-wb_1-layer,0.006175374999999997,0.026287157239843758
width_7-height_7-cin_576-cout_160-kernel_1-stride_1-pad_SAME-group_1-fb_3-wb_3-layer,0.00862874999999999,0.026161464176591105
width_7-height_7-cin_576-cout_160-kernel_1-stride_1-pad_SAME-group_1-fb_3-wb_5-layer,0.009936749999999994,0.02694810364579971
width_7-height_7-cin_576-cout_160-kernel_1-stride_1-pad_SAME-group_1-fb_3-wb_6-layer,0.009996749999999999,0.027079338382702392
width_7-height_7-cin_576-cout_160-kernel_1-stride_1-pad_SAME-group_1-fb_3-wb_7-layer,0.01005674999999999,0.027209007189416125
width_7-height_7-cin_576-cout_160-kernel_1-stride_1-pad_SAME-group_1-fb_5-wb_1-layer,0.006756749999999992,0.02784034609841722
width_7-height_7-cin_576-cout_160-kernel_1-stride_1-pad_SAME-group_1-fb_5-wb_3-layer,0.010898124999999995,0.027907623792398074
width_7-height_7-cin_576-cout_160-kernel_1-stride_1-pad_SAME-group_1-fb_5-wb_5-layer,0.017722624999999992,0.020381350554288663
width_7-height_7-cin_576-cout_160-kernel_1-stride_1-pad_SAME-group_1-fb_5-wb_6-layer,0.01773462499999999,0.020532705932157034
width_7-height_7-cin_576-cout_160-kernel_1-stride_1-pad_SAME-group_1-fb_5-wb_7-layer,0.017746624999999988,0.020683856621580735
width_7-height_7-cin_576-cout_160-kernel_1-stride_1-pad_SAME-group_1-fb_6-wb_1-layer,0.0070507499999999945,0.028256936300597866
width_7-height_7-cin_576-cout_160-kernel_1-stride_1-pad_SAME-group_1-fb_6-wb_3-layer,0.011780124999999989,0.027993995579107037
width_7-height_7-cin_576-cout_160-kernel_1-stride_1-pad_SAME-group_1-fb_6-wb_5-layer,0.017725249999999998,0.022546017445711636
width_7-height_7-cin_576-cout_160-kernel_1-stride_1-pad_SAME-group_1-fb_6-wb_6-layer,0.017737249999999996,0.02269588593521995
width_7-height_7-cin_576-cout_160-kernel_1-stride_1-pad_SAME-group_1-fb_6-wb_7-layer,0.017749249999999994,0.0228455517770813
width_7-height_7-cin_576-cout_160-kernel_1-stride_1-pad_SAME-group_1-fb_7-wb_1-layer,0.007344749999999997,0.02864017546443381
width_7-height_7-cin_576-cout_160-kernel_1-stride_1-pad_SAME-group_1-fb_7-wb_3-layer,0.012324874999999999,0.027318513977782365
width_7-height_7-cin_576-cout_160-kernel_1-stride_1-pad_SAME-group_1-fb_7-wb_5-layer,0.01772787499999999,0.02471004328448844
width_7-height_7-cin_576-cout_160-kernel_1-stride_1-pad_SAME-group_1-fb_7-wb_6-layer,0.01773987499999999,0.024858425759306666
width_7-height_7-cin_576-cout_160-kernel_1-stride_1-pad_SAME-group_1-fb_7-wb_7-layer,0.017751875,0.025006607625490847
width_7-height_7-cin_960-cout_160-kernel_1-stride_1-pad_SAME-group_1-fb_1-wb_1-layer,0.005823374999999992,0.02550654969818029
width_7-height_7-cin_960-cout_160-kernel_1-stride_1-pad_SAME-group_1-fb_1-wb_3-layer,0.007956750000000012,0.025967033554634807
width_7-height_7-cin_960-cout_160-kernel_1-stride_1-pad_SAME-group_1-fb_1-wb_5-layer,0.00817675000000001,0.027338989895594194
width_7-height_7-cin_960-cout_160-kernel_1-stride_1-pad_SAME-group_1-fb_1-wb_6-layer,0.00827675,0.02759844513288438
width_7-height_7-cin_960-cout_160-kernel_1-stride_1-pad_SAME-group_1-fb_1-wb_7-layer,0.008376749999999988,0.027851705718614124
width_7-height_7-cin_960-cout_160-kernel_1-stride_1-pad_SAME-group_1-fb_3-wb_1-layer,0.006803375,0.027823702937415696
width_7-height_7-cin_960-cout_160-kernel_1-stride_1-pad_SAME-group_1-fb_3-wb_3-layer,0.011042125000000014,0.027879789612437728
width_7-height_7-cin_960-cout_160-kernel_1-stride_1-pad_SAME-group_1-fb_3-wb_5-layer,0.014822625000000006,0.02465447766753869
width_7-height_7-cin_960-cout_160-kernel_1-stride_1-pad_SAME-group_1-fb_3-wb_6-layer,0.014842624999999998,0.024950129923891538
width_7-height_7-cin_960-cout_160-kernel_1-stride_1-pad_SAME-group_1-fb_3-wb_7-layer,0.01486262499999999,0.02524498648700351
width_7-height_7-cin_960-cout_160-kernel_1-stride_1-pad_SAME-group_1-fb_5-wb_1-layer,0.007776749999999999,0.029918268304060237
width_7-height_7-cin_960-cout_160-kernel_1-stride_1-pad_SAME-group_1-fb_5-wb_3-layer,0.015873374999999995,0.024350685637815513
width_7-height_7-cin_960-cout_160-kernel_1-stride_1-pad_SAME-group_1-fb_5-wb_5-layer,0.029531375,0.017647948449565944
width_7-height_7-cin_960-cout_160-kernel_1-stride_1-pad_SAME-group_1-fb_5-wb_6-layer,0.02955137499999999,0.017801186197583037
width_7-height_7-cin_960-cout_160-kernel_1-stride_1-pad_SAME-group_1-fb_5-wb_7-layer,0.02957137500000001,0.017954216667111347
width_7-height_7-cin_960-cout_160-kernel_1-stride_1-pad_SAME-group_1-fb_6-wb_1-layer,0.00826674999999999,0.030387288624332535
width_7-height_7-cin_960-cout_160-kernel_1-stride_1-pad_SAME-group_1-fb_6-wb_3-layer,0.015878749999999997,0.025587694550969025
width_7-height_7-cin_960-cout_160-kernel_1-stride_1-pad_SAME-group_1-fb_6-wb_5-layer,0.02953575,0.01981348439598793
width_7-height_7-cin_960-cout_160-kernel_1-stride_1-pad_SAME-group_1-fb_6-wb_6-layer,0.029555749999999992,0.019965234070311203
width_7-height_7-cin_960-cout_160-kernel_1-stride_1-pad_SAME-group_1-fb_6-wb_7-layer,0.029575750000000012,0.020116778509366617
width_7-height_7-cin_960-cout_160-kernel_1-stride_1-pad_SAME-group_1-fb_7-wb_1-layer,0.008756750000000008,0.03080381916085313
width_7-height_7-cin_960-cout_160-kernel_1-stride_1-pad_SAME-group_1-fb_7-wb_3-layer,0.015884125,0.026823866285756368
width_7-height_7-cin_960-cout_160-kernel_1-stride_1-pad_SAME-group_1-fb_7-wb_5-layer,0.029539499999999996,0.02283061011616312
width_7-height_7-cin_960-cout_160-kernel_1-stride_1-pad_SAME-group_1-fb_7-wb_6-layer,0.02955949999999999,0.022980299147522806
width_7-height_7-cin_960-cout_160-kernel_1-stride_1-pad_SAME-group_1-fb_7-wb_7-layer,0.02957950000000001,0.02312978575621632
width_7-height_7-cin_960-cout_320-kernel_1-stride_1-pad_SAME-group_1-fb_1-wb_1-layer,0.012436749999999996,0.025347561135196848
width_7-height_7-cin_960-cout_320-kernel_1-stride_1-pad_SAME-group_1-fb_1-wb_3-layer,0.013543500000000014,0.026485603331416512
width_7-height_7-cin_960-cout_320-kernel_1-stride_1-pad_SAME-group_1-fb_1-wb_5-layer,0.016353499999999993,0.027338989895594187
width_7-height_7-cin_960-cout_320-kernel_1-stride_1-pad_SAME-group_1-fb_1-wb_6-layer,0.0165535,0.02759844513288427
width_7-height_7-cin_960-cout_320-kernel_1-stride_1-pad_SAME-group_1-fb_1-wb_7-layer,0.016753500000000004,0.027851705718614023
width_7-height_7-cin_960-cout_320-kernel_1-stride_1-pad_SAME-group_1-fb_3-wb_1-layer,0.017210124999999993,0.027587453591330476
width_7-height_7-cin_960-cout_320-kernel_1-stride_1-pad_SAME-group_1-fb_3-wb_3-layer,0.01840349999999999,0.02787985273401259
width_7-height_7-cin_960-cout_320-kernel_1-stride_1-pad_SAME-group_1-fb_3-wb_5-layer,0.029522624999999997,0.024756882359668216
width_7-height_7-cin_960-cout_320-kernel_1-stride_1-pad_SAME-group_1-fb_3-wb_6-layer,0.02954262499999999,0.025070583413735255
width_7-height_7-cin_960-cout_320-kernel_1-stride_1-pad_SAME-group_1-fb_3-wb_7-layer,0.02956262500000001,0.02538386001151114
width_7-height_7-cin_960-cout_320-kernel_1-stride_1-pad_SAME-group_1-fb_5-wb_1-layer,0.020134125000000003,0.029428946028567923
width_7-height_7-cin_960-cout_320-kernel_1-stride_1-pad_SAME-group_1-fb_5-wb_3-layer,0.029560625000000007,0.023109628783234457
width_7-height_7-cin_960-cout_320-kernel_1-stride_1-pad_SAME-group_1-fb_5-wb_5-layer,0.0588795,0.024313345354984323
width_7-height_7-cin_960-cout_320-kernel_1-stride_1-pad_SAME-group_1-fb_5-wb_6-layer,0.058880249999999995,0.026595949409943056
width_7-height_7-cin_960-cout_320-kernel_1-stride_1-pad_SAME-group_1-fb_5-wb_7-layer,0.05897137499999999,0.01800639289466795
width_7-height_7-cin_960-cout_320-kernel_1-stride_1-pad_SAME-group_1-fb_6-wb_1-layer,0.021604125000000002,0.029801740425804808
width_7-height_7-cin_960-cout_320-kernel_1-stride_1-pad_SAME-group_1-fb_6-wb_3-layer,0.029565000000000008,0.02551446154001015
width_7-height_7-cin_960-cout_320-kernel_1-stride_1-pad_SAME-group_1-fb_6-wb_5-layer,0.058879875,0.025522431949945537
width_7-height_7-cin_960-cout_320-kernel_1-stride_1-pad_SAME-group_1-fb_6-wb_6-layer,0.0588805,0.027805065094977106
width_7-height_7-cin_960-cout_320-kernel_1-stride_1-pad_SAME-group_1-fb_6-wb_7-layer,0.05897574999999999,0.02017672728192179
width_7-height_7-cin_960-cout_320-kernel_1-stride_1-pad_SAME-group_1-fb_7-wb_1-layer,0.023074125,0.030127035057487137
width_7-height_7-cin_960-cout_320-kernel_1-stride_1-pad_SAME-group_1-fb_7-wb_3-layer,0.02956937500000001,0.027918582672457566
width_7-height_7-cin_960-cout_320-kernel_1-stride_1-pad_SAME-group_1-fb_7-wb_5-layer,0.058880125000000005,0.026731559893746818
width_7-height_7-cin_960-cout_320-kernel_1-stride_1-pad_SAME-group_1-fb_7-wb_6-layer,0.0589595,0.02304246652875956
width_7-height_7-cin_960-cout_320-kernel_1-stride_1-pad_SAME-group_1-fb_7-wb_7-layer,0.05897949999999999,0.023200179648047204
width_7-height_7-cin_960-cout_960-kernel_3-stride_1-pad_SAME-group_960-fb_1-wb_1-layer,0.10602850000000003,0.027820765527952193
width_7-height_7-cin_960-cout_960-kernel_3-stride_1-pad_SAME-group_960-fb_1-wb_3-layer,0.211903,0.024381419495934652
width_7-height_7-cin_960-cout_960-kernel_3-stride_1-pad_SAME-group_960-fb_1-wb_5-layer,0.4235385,0.027652495317169987
width_7-height_7-cin_960-cout_960-kernel_3-stride_1-pad_SAME-group_960-fb_1-wb_6-layer,0.42357625000000004,0.02200013398199658
width_7-height_7-cin_960-cout_960-kernel_3-stride_1-pad_SAME-group_960-fb_1-wb_7-layer,0.42360024999999996,0.02266263943607248
width_7-height_7-cin_960-cout_960-kernel_3-stride_1-pad_SAME-group_960-fb_3-wb_1-layer,0.21178975,0.030512001692431675
width_7-height_7-cin_960-cout_960-kernel_3-stride_1-pad_SAME-group_960-fb_3-wb_3-layer,0.39701162500000003,0.02710970114397028
width_7-height_7-cin_960-cout_960-kernel_3-stride_1-pad_SAME-group_960-fb_3-wb_5-layer,0.7939004999999999,0.01992014120817206
width_7-height_7-cin_960-cout_960-kernel_3-stride_1-pad_SAME-group_960-fb_3-wb_6-layer,0.7939065000000001,0.022607246992528206
width_7-height_7-cin_960-cout_960-kernel_3-stride_1-pad_SAME-group_960-fb_3-wb_7-layer,0.7939125,0.025294312161237915
width_7-height_7-cin_960-cout_960-kernel_3-stride_1-pad_SAME-group_960-fb_5-wb_1-layer,0.39699437499999995,0.021153294683718384
width_7-height_7-cin_960-cout_960-kernel_3-stride_1-pad_SAME-group_960-fb_5-wb_3-layer,0.7938918749999999,0.016941201927479103
width_7-height_7-cin_960-cout_960-kernel_3-stride_1-pad_SAME-group_960-fb_5-wb_5-layer,1.5876656249999999,0.024754186117550037
width_7-height_7-cin_960-cout_960-kernel_3-stride_1-pad_SAME-group_960-fb_5-wb_6-layer,1.58768775,0.013491027700716087
width_7-height_7-cin_960-cout_960-kernel_3-stride_1-pad_SAME-group_960-fb_5-wb_7-layer,1.58769075,0.014834733832500314
width_7-height_7-cin_960-cout_960-kernel_3-stride_1-pad_SAME-group_960-fb_6-wb_1-layer,0.39699775,0.02354825819604671
width_7-height_7-cin_960-cout_960-kernel_3-stride_1-pad_SAME-group_960-fb_6-wb_3-layer,0.7938936249999999,0.0181388899313255
width_7-height_7-cin_960-cout_960-kernel_3-stride_1-pad_SAME-group_960-fb_6-wb_5-layer,1.58766825,0.02693221271591367
width_7-height_7-cin_960-cout_960-kernel_3-stride_1-pad_SAME-group_960-fb_6-wb_6-layer,1.5876884999999998,0.014089921249309044
width_7-height_7-cin_960-cout_960-kernel_3-stride_1-pad_SAME-group_960-fb_6-wb_7-layer,1.5876915,0.015433625614717216
width_7-height_7-cin_960-cout_960-kernel_3-stride_1-pad_SAME-group_960-fb_7-wb_1-layer,0.397001125,0.02594318098807806
width_7-height_7-cin_960-cout_960-kernel_3-stride_1-pad_SAME-group_960-fb_7-wb_3-layer,0.79389525,0.019336575699567416
width_7-height_7-cin_960-cout_960-kernel_3-stride_1-pad_SAME-group_960-fb_7-wb_5-layer,1.5876863749999999,0.013345105504413238
width_7-height_7-cin_960-cout_960-kernel_3-stride_1-pad_SAME-group_960-fb_7-wb_6-layer,1.5876893749999998,0.014688813075624191
width_7-height_7-cin_960-cout_960-kernel_3-stride_1-pad_SAME-group_960-fb_7-wb_7-layer,1.587692375,0.0160325155688707
